Iteration,Loss,#OrtschaftenZuNah,#OrtschaftenNichtImGebiet,#Ortschaften,#Gesundheitszentren
1,7.559051628965421,3,0,762,6
2,7.403096690940392,6,0,762,6
3,7.403096690940392,6,0,762,6
4,7.403096690940392,6,0,762,6
5,2.191940440344813,2,0,762,6
6,0.3158103989523351,2,0,762,6
7,0,0,0,762,6
