Iteration,Loss,#OrtschaftenZuNah,#OrtschaftenNichtImGebiet,#Ortschaften,#Gesundheitszentren
1,1.6568045180931268,2,0,75,1
2,1.6568045180931268,2,0,75,1
3,1.6568045180931268,2,0,75,1
4,1.6568045180931268,2,0,75,1
5,1.6568045180931268,2,0,75,1
6,0.960968061120596,2,0,75,1
7,0,0,0,75,1
