Iteration,Loss,#OrtschaftenZuNah,#OrtschaftenNichtImGebiet,#Ortschaften,#Gesundheitszentren
1,2.1026604050358824,2,0,116,2
2,2.1026604050358824,2,0,116,2
3,1.2846695307847718,2,0,116,2
4,0,0,0,116,2
