Iteration,Loss,#OrtschaftenZuNah,#OrtschaftenNichtImGebiet,#Ortschaften,#Gesundheitszentren
1,12.913236176506757,6,0,53,1
2,7.7237892059200135,5,0,53,1
3,5.390279043866919,4,0,53,1
4,2.2689698953787207,2,0,53,1
5,0,0,0,53,1
