Iteration,Loss,#OrtschaftenZuNah,#OrtschaftenNichtImGebiet,#Ortschaften,#Gesundheitszentren
1,1.0974415567244051,3,0,43,0
2,1.0974415567244051,3,0,43,0
3,1.0974415567244051,3,0,43,0
4,1.0974415567244051,3,0,43,0
5,1.0974415567244051,3,0,43,0
6,1.0974415567244051,3,0,43,0
7,1.0974415567244051,3,0,43,0
8,0,0,0,43,0
