Iteration,Loss,#OrtschaftenZuNah,#OrtschaftenNichtImGebiet,#Ortschaften,#Gesundheitszentren
1,4.197979599867395,3,0,112,2
2,4.197979599867395,3,0,112,2
3,2.7766792042860775,3,0,112,2
4,0,0,0,112,2
