Iteration,Loss,#OrtschaftenZuNah,#OrtschaftenNichtImGebiet,#Ortschaften,#Gesundheitszentren
1,3.5720067618600515,3,0,604,4
2,3.5720067618600515,3,0,604,4
3,3.5720067618600515,3,0,604,4
4,3.532864343901803,5,0,604,4
5,3.532864343901803,5,0,604,4
6,3.532864343901803,5,0,604,4
7,1.2889176637293573,2,0,604,4
8,0.3452156228539671,2,0,604,4
9,0,0,0,604,4
