Iteration,Loss,#OrtschaftenZuNah,#OrtschaftenNichtImGebiet,#Ortschaften,#Gesundheitszentren
1,1.6453563047929496,3,0,105,1
2,1.6453563047929496,3,0,105,1
3,0.39148806012008386,2,0,105,1
4,0.19310012577132873,2,0,105,1
5,0.19310012577132873,2,0,105,1
6,0.19310012577132873,2,0,105,1
7,0.19310012577132873,2,0,105,1
8,0.19310012577132873,2,0,105,1
9,0.19310012577132873,2,0,105,1
10,0,0,0,105,1
