Iteration,Loss,#OrtschaftenZuNah,#OrtschaftenNichtImGebiet,#Ortschaften,#Gesundheitszentren
1,1.6775624469553865,2,0,88,1
2,0.29141766202552866,2,0,88,1
3,0.29141766202552866,2,0,88,1
4,0,0,0,88,1
