Iteration,Loss,#OrtschaftenZuNah,#OrtschaftenNichtImGebiet,#Ortschaften,#Gesundheitszentren
1,6.799328511482646,3,0,151,2
2,6.239328190758362,5,0,151,2
3,6.239328190758362,5,0,151,2
4,6.239328190758362,5,0,151,2
5,6.239328190758362,5,0,151,2
6,6.239328190758362,5,0,151,2
7,6.239328190758362,5,0,151,2
8,6.239328190758362,5,0,151,2
9,6.239328190758362,5,0,151,2
10,6.239328190758362,5,0,151,2
11,6.239328190758362,5,0,151,2
12,6.239328190758362,5,0,151,2
