Iteration,Loss,#OrtschaftenZuNah,#OrtschaftenNichtImGebiet,#Ortschaften,#Gesundheitszentren
1,1.834765760675344,4,0,738,6
2,1.834765760675344,4,0,738,6
3,1.834765760675344,4,0,738,6
4,1.834765760675344,4,0,738,6
5,1.834765760675344,4,0,738,6
6,1.834765760675344,4,0,738,6
7,1.834765760675344,4,0,738,6
8,1.834765760675344,4,0,738,6
9,1.834765760675344,4,0,738,6
10,1.834765760675344,4,0,738,6
11,1.834765760675344,4,0,738,6
