Iteration,Loss,#OrtschaftenZuNah,#OrtschaftenNichtImGebiet,#Ortschaften,#Gesundheitszentren
1,5.878586952562345,6,0,826,8
2,5.878586952562345,6,0,826,8
3,5.878586952562345,6,0,826,8
4,5.878586952562345,6,0,826,8
5,5.878586952562345,6,0,826,8
6,5.878586952562345,6,0,826,8
7,5.878586952562345,6,0,826,8
8,5.878586952562345,6,0,826,8
9,5.878586952562345,6,0,826,8
10,5.878586952562345,6,0,826,8
11,5.878586952562345,6,0,826,8
