Iteration,Loss,#OrtschaftenZuNah,#OrtschaftenNichtImGebiet,#Ortschaften,#Gesundheitszentren
1,14.827577621401163,3,0,71,1
2,4.827577621401162,3,0,71,1
3,4.1624890759797895,3,0,71,1
4,4.1624890759797895,3,0,71,1
5,4.1624890759797895,3,0,71,1
6,0.5728318866060871,2,0,71,1
7,0,0,0,71,1
