Iteration,Loss,#OrtschaftenZuNah,#OrtschaftenNichtImGebiet,#Ortschaften,#Gesundheitszentren
1,5.331262393455304,4,0,847,9
2,1.71603251515989,2,0,847,9
3,1.311946122535879,2,0,847,9
4,1.311946122535879,2,0,847,9
5,1.311946122535879,2,0,847,9
6,1.311946122535879,2,0,847,9
7,0,0,0,847,9
