Iteration,Loss,#OrtschaftenZuNah,#OrtschaftenNichtImGebiet,#Ortschaften,#Gesundheitszentren
1,2.895891884436926,3,0,671,5
2,2.895891884436926,3,0,671,5
3,2.895891884436926,3,0,671,5
4,2.895891884436926,3,0,671,5
5,0.9908054833909805,2,0,671,5
6,0.9908054833909805,2,0,671,5
7,0.9908054833909805,2,0,671,5
8,0.9908054833909805,2,0,671,5
9,0,0,0,671,5
