Iteration,Loss,#OrtschaftenZuNah,#OrtschaftenNichtImGebiet,#Ortschaften,#Gesundheitszentren
1,7.021361117332063,3,0,17,0
2,6.551513137031993,2,0,17,0
3,0.24767515347685531,2,0,17,0
4,0.24767515347685531,2,0,17,0
5,0.24767515347685531,2,0,17,0
6,0.24767515347685531,2,0,17,0
7,0.24767515347685531,2,0,17,0
8,0.24767515347685531,2,0,17,0
9,0.019921226532371605,2,0,17,0
10,0,0,0,17,0
