Iteration,Loss,#OrtschaftenZuNah,#OrtschaftenNichtImGebiet,#Ortschaften,#Gesundheitszentren
1,3.164958840552048,2,0,127,1
2,0.15667657772408283,2,0,127,1
3,0.15667657772408283,2,0,127,1
4,0.15667657772408283,2,0,127,1
5,0.15667657772408283,2,0,127,1
6,0.15667657772408283,2,0,127,1
7,0.15667657772408283,2,0,127,1
8,0,0,0,127,1
