Iteration,Loss,#OrtschaftenZuNah,#OrtschaftenNichtImGebiet,#Ortschaften,#Gesundheitszentren
1,6.0535307880116385,3,0,740,6
2,4.967385457828348,4,0,740,6
3,4.967385457828348,4,0,740,6
4,4.967385457828348,4,0,740,6
5,1.924755945985785,4,0,740,6
6,0.4944518066759862,2,0,740,6
7,0.34228047667722805,2,0,740,6
8,0.34228047667722805,2,0,740,6
9,0.34228047667722805,2,0,740,6
10,0,0,0,740,6
