Iteration,Loss,#OrtschaftenZuNah,#OrtschaftenNichtImGebiet,#Ortschaften,#Gesundheitszentren
1,0.7094954412356618,2,0,600,4
2,0.02473225969835191,2,0,600,4
3,0.02473225969835191,2,0,600,4
4,0.02473225969835191,2,0,600,4
5,0.02473225969835191,2,0,600,4
6,0.02473225969835191,2,0,600,4
7,0.02473225969835191,2,0,600,4
8,0.02473225969835191,2,0,600,4
9,0.02473225969835191,2,0,600,4
10,0.02473225969835191,2,0,600,4
11,0,0,0,600,4
