Iteration,Loss,#OrtschaftenZuNah,#OrtschaftenNichtImGebiet,#Ortschaften,#Gesundheitszentren
1,2.7295008200999273,4,0,127,1
2,2.7295008200999273,4,0,127,1
3,2.7295008200999273,4,0,127,1
4,2.7295008200999273,4,0,127,1
5,2.7295008200999273,4,0,127,1
6,0.8397426722988008,2,0,127,1
7,0,0,0,127,1
