Iteration,Loss,#OrtschaftenZuNah,#OrtschaftenNichtImGebiet,#Ortschaften,#Gesundheitszentren
1,10.936258928359246,4,0,35,0
2,7.25919298312839,5,0,35,0
3,3.883397420390125,2,0,35,0
4,2.351095687489998,2,0,35,0
5,0,0,0,35,0
