Iteration,Loss,#OrtschaftenZuNah,#OrtschaftenNichtImGebiet,#Ortschaften,#Gesundheitszentren
1,1.689105395619693,2,0,795,7
2,1.689105395619693,2,0,795,7
3,1.689105395619693,2,0,795,7
4,1.689105395619693,2,0,795,7
5,1.689105395619693,2,0,795,7
6,0,0,0,795,7
