Iteration,Loss,#OrtschaftenZuNah,#OrtschaftenNichtImGebiet,#Ortschaften,#Gesundheitszentren
1,1.8062778026972808,3,0,673,5
2,1.8062778026972808,3,0,673,5
3,1.8062778026972808,3,0,673,5
4,0,0,0,673,5
