Iteration,Loss,#OrtschaftenZuNah,#OrtschaftenNichtImGebiet,#Ortschaften,#Gesundheitszentren
1,4.3370191608032265,3,0,681,5
2,4.3370191608032265,3,0,681,5
3,4.3370191608032265,3,0,681,5
4,2.4273049441328913,4,0,681,5
5,0.1989515218613036,2,0,681,5
6,0.1989515218613036,2,0,681,5
7,0.1989515218613036,2,0,681,5
8,0,0,0,681,5
