Iteration,Loss,#OrtschaftenZuNah,#OrtschaftenNichtImGebiet,#Ortschaften,#Gesundheitszentren
1,1.6532078783007726,3,0,650,5
2,1.6532078783007726,3,0,650,5
3,1.6532078783007726,3,0,650,5
4,1.2494122861519585,2,0,650,5
5,1.2494122861519585,2,0,650,5
6,1.2494122861519585,2,0,650,5
7,0,0,0,650,5
