Iteration,Loss,#OrtschaftenZuNah,#OrtschaftenNichtImGebiet,#Ortschaften,#Gesundheitszentren
1,2.9520530407249757,2,0,67,1
2,2.6053329084812322,2,0,67,1
3,2.1655926954616316,4,0,67,1
4,1.6689946930139534,2,0,67,1
5,0,0,0,67,1
