Iteration,Loss,#OrtschaftenZuNah,#OrtschaftenNichtImGebiet,#Ortschaften,#Gesundheitszentren
1,7.267562974969644,4,0,126,0
2,2.2547733459716426,4,0,126,0
3,2.2547733459716426,4,0,126,0
4,2.2547733459716426,4,0,126,0
5,2.2547733459716426,4,0,126,0
6,2.2547733459716426,4,0,126,0
7,2.2547733459716426,4,0,126,0
8,2.2547733459716426,4,0,126,0
9,2.2547733459716426,4,0,126,0
10,2.2547733459716426,4,0,126,0
11,0,0,0,126,0
