Iteration,Loss,#OrtschaftenZuNah,#OrtschaftenNichtImGebiet,#Ortschaften,#Gesundheitszentren
1,11.400154083332348,5,0,58,1
2,6.1487938020147155,7,0,58,1
3,6.1487938020147155,7,0,58,1
4,6.1487938020147155,7,0,58,1
5,6.1487938020147155,7,0,58,1
6,6.1487938020147155,7,0,58,1
7,6.1487938020147155,7,0,58,1
8,6.1487938020147155,7,0,58,1
9,6.1487938020147155,7,0,58,1
10,6.1487938020147155,7,0,58,1
11,6.1487938020147155,7,0,58,1
12,6.1487938020147155,7,0,58,1
