Iteration,Loss,#OrtschaftenZuNah,#OrtschaftenNichtImGebiet,#Ortschaften,#Gesundheitszentren
1,9.291412914971957,4,0,803,8
2,9.291412914971957,4,0,803,8
3,6.874691419560922,4,0,803,8
4,6.874691419560922,4,0,803,8
5,4.7728667368365985,5,0,803,8
6,4.7728667368365985,5,0,803,8
7,1.8539172476723138,2,0,803,8
8,0,0,0,803,8
