Iteration,Loss,#OrtschaftenZuNah,#OrtschaftenNichtImGebiet,#Ortschaften,#Gesundheitszentren
1,1.9368037574033963,2,0,101,1
2,1.7195903950418927,2,0,101,1
3,1.7195903950418927,2,0,101,1
4,0,0,0,101,1
