Iteration,Loss,#OrtschaftenZuNah,#OrtschaftenNichtImGebiet,#Ortschaften,#Gesundheitszentren
1,0.8138236389597218,3,0,106,1
2,0.8138236389597218,3,0,106,1
3,0.8138236389597218,3,0,106,1
4,0.8138236389597218,3,0,106,1
5,0.8138236389597218,3,0,106,1
6,0.8138236389597218,3,0,106,1
7,0.8138236389597218,3,0,106,1
8,0.8138236389597218,3,0,106,1
9,0.8138236389597218,3,0,106,1
10,0,0,0,106,1
