Iteration,Loss,#OrtschaftenZuNah,#OrtschaftenNichtImGebiet,#Ortschaften,#Gesundheitszentren
1,6.56675113402558,5,0,47,0
2,6.56675113402558,5,0,47,0
3,6.56675113402558,5,0,47,0
4,6.56675113402558,5,0,47,0
5,6.56675113402558,5,0,47,0
6,6.56675113402558,5,0,47,0
7,0.9561219535738594,2,0,47,0
8,0.9561219535738594,2,0,47,0
9,0,0,0,47,0
