Iteration,Loss,#OrtschaftenZuNah,#OrtschaftenNichtImGebiet,#Ortschaften,#Gesundheitszentren
1,7.15460283419968,6,0,739,6
2,7.15460283419968,6,0,739,6
3,7.15460283419968,6,0,739,6
4,7.15460283419968,6,0,739,6
5,7.15460283419968,6,0,739,6
6,7.15460283419968,6,0,739,6
7,7.15460283419968,6,0,739,6
8,7.15460283419968,6,0,739,6
9,7.15460283419968,6,0,739,6
10,7.15460283419968,6,0,739,6
11,7.15460283419968,6,0,739,6
