Iteration,Loss,#OrtschaftenZuNah,#OrtschaftenNichtImGebiet,#Ortschaften,#Gesundheitszentren
1,5.897842850095082,3,0,104,1
2,1.6238144559161825,2,0,104,1
3,0.44356170709323095,2,0,104,1
4,0.44356170709323095,2,0,104,1
5,0.09276992270788398,2,0,104,1
6,0,0,0,104,1
