Iteration,Loss,#OrtschaftenZuNah,#OrtschaftenNichtImGebiet,#Ortschaften,#Gesundheitszentren
1,12.605176207995651,5,0,36,0
2,2.99321041242537,3,0,36,0
3,1.8275445296657828,4,0,36,0
4,1.8275445296657828,4,0,36,0
5,1.8275445296657828,4,0,36,0
6,1.7772688275643276,2,0,36,0
7,1.7772688275643276,2,0,36,0
8,0,0,0,36,0
