Iteration,Loss,#OrtschaftenZuNah,#OrtschaftenNichtImGebiet,#Ortschaften,#Gesundheitszentren
1,0.8850934389314613,2,0,746,6
2,0.8850934389314613,2,0,746,6
3,0.8850934389314613,2,0,746,6
4,0.8850934389314613,2,0,746,6
5,0.6416035650272036,2,0,746,6
6,0,0,0,746,6
