Iteration,Loss,#OrtschaftenZuNah,#OrtschaftenNichtImGebiet,#Ortschaften,#Gesundheitszentren
1,6.498217947678023,4,0,154,1
2,6.498217947678023,4,0,154,1
3,6.498217947678023,4,0,154,1
4,6.498217947678023,4,0,154,1
5,6.498217947678023,4,0,154,1
6,6.498217947678023,4,0,154,1
7,2.0173688106011642,3,0,154,1
8,0.7668055789809962,2,0,154,1
9,0.7668055789809962,2,0,154,1
10,0,0,0,154,1
