Iteration,Loss,#OrtschaftenZuNah,#OrtschaftenNichtImGebiet,#Ortschaften,#Gesundheitszentren
1,17.205109479303204,5,0,566,4
2,17.205109479303204,5,0,566,4
3,17.205109479303204,5,0,566,4
4,17.205109479303204,5,0,566,4
5,17.205109479303204,5,0,566,4
6,17.205109479303204,5,0,566,4
7,17.205109479303204,5,0,566,4
8,17.205109479303204,5,0,566,4
9,17.205109479303204,5,0,566,4
10,17.205109479303204,5,0,566,4
