Iteration,Loss,#OrtschaftenZuNah,#OrtschaftenNichtImGebiet,#Ortschaften,#Gesundheitszentren
1,15.805498917508203,7,0,133,1
2,15.805498917508203,7,0,133,1
3,15.805498917508203,7,0,133,1
4,15.805498917508203,7,0,133,1
5,15.805498917508203,7,0,133,1
6,15.805498917508203,7,0,133,1
7,15.805498917508203,7,0,133,1
8,15.805498917508203,7,0,133,1
9,15.805498917508203,7,0,133,1
10,15.805498917508203,7,0,133,1
11,15.805498917508203,7,0,133,1
