Iteration,Loss,#OrtschaftenZuNah,#OrtschaftenNichtImGebiet,#Ortschaften,#Gesundheitszentren
1,3.7902636232845257,3,0,806,8
2,3.7902636232845257,3,0,806,8
3,3.7902636232845257,3,0,806,8
4,3.7902636232845257,3,0,806,8
5,3.7902636232845257,3,0,806,8
6,3.7902636232845257,3,0,806,8
7,3.7902636232845257,3,0,806,8
8,3.7902636232845257,3,0,806,8
9,3.7902636232845257,3,0,806,8
10,3.7902636232845257,3,0,806,8
