Iteration,Loss,#OrtschaftenZuNah,#OrtschaftenNichtImGebiet,#Ortschaften,#Gesundheitszentren
1,11.42275115599159,4,0,140,0
2,7.579879356266451,3,0,140,0
3,6.522705805763099,5,0,140,0
4,6.522705805763099,5,0,140,0
5,6.522705805763099,5,0,140,0
6,4.056167685271404,3,0,140,0
7,3.6794077343573264,4,0,140,0
8,0.35863889521326797,2,0,140,0
9,0.35863889521326797,2,0,140,0
10,0,0,0,140,0
