Iteration,Loss,#OrtschaftenZuNah,#OrtschaftenNichtImGebiet,#Ortschaften,#Gesundheitszentren
1,4.009594213538838,2,0,704,5
2,4.009594213538838,2,0,704,5
3,4.009594213538838,2,0,704,5
4,0.5920342677756736,2,0,704,5
5,0.5920342677756736,2,0,704,5
6,0.5920342677756736,2,0,704,5
7,0,0,0,704,5
