Iteration,Loss,#OrtschaftenZuNah,#OrtschaftenNichtImGebiet,#Ortschaften,#Gesundheitszentren
1,17.26653053720375,3,0,119,2
2,6.73176978261568,2,0,119,2
3,1.7220900915685622,2,0,119,2
4,1.7220900915685622,2,0,119,2
5,0,0,0,119,2
