Iteration,Loss,#OrtschaftenZuNah,#OrtschaftenNichtImGebiet,#Ortschaften,#Gesundheitszentren
1,9.086591220224994,4,0,24,0
2,2.2228175224022877,4,0,24,0
3,2.2228175224022877,4,0,24,0
4,2.0013047115408433,2,0,24,0
5,0,0,0,24,0
