Iteration,Loss,#OrtschaftenZuNah,#OrtschaftenNichtImGebiet,#Ortschaften,#Gesundheitszentren
1,1.504260756033588,2,0,725,6
2,1.504260756033588,2,0,725,6
3,1.504260756033588,2,0,725,6
4,1.504260756033588,2,0,725,6
5,1.504260756033588,2,0,725,6
6,0.9245138499686014,2,0,725,6
7,0.5117354244342245,2,0,725,6
8,0.5117354244342245,2,0,725,6
9,0,0,0,725,6
