Iteration,Loss,#OrtschaftenZuNah,#OrtschaftenNichtImGebiet,#Ortschaften,#Gesundheitszentren
1,2.413780256324772,2,0,588,4
2,2.413780256324772,2,0,588,4
3,2.1737304638647528,2,0,588,4
4,2.1737304638647528,2,0,588,4
5,2.1737304638647528,2,0,588,4
6,1.0627614554582756,3,0,588,4
7,1.0627614554582756,3,0,588,4
8,1.0627614554582756,3,0,588,4
9,1.0627614554582756,3,0,588,4
10,0.7414150159786317,2,0,588,4
11,0.7414150159786317,2,0,588,4
12,0.7414150159786317,2,0,588,4
13,0,0,0,588,4
