Iteration,Loss,#OrtschaftenZuNah,#OrtschaftenNichtImGebiet,#Ortschaften,#Gesundheitszentren
1,9.75583525385219,4,0,693,5
2,9.75583525385219,4,0,693,5
3,9.75583525385219,4,0,693,5
4,9.75583525385219,4,0,693,5
5,9.75583525385219,4,0,693,5
6,9.75583525385219,4,0,693,5
7,6.431246195184785,6,0,693,5
8,5.135520940103221,5,0,693,5
9,5.135520940103221,5,0,693,5
10,4.879318057087509,3,0,693,5
11,0.289825866700383,2,0,693,5
12,0,0,0,693,5
