Iteration,Loss,#OrtschaftenZuNah,#OrtschaftenNichtImGebiet,#Ortschaften,#Gesundheitszentren
1,3.0186799035105167,2,0,54,1
2,0.009839917843599721,2,0,54,1
3,0.009839917843599721,2,0,54,1
4,0.009839917843599721,2,0,54,1
5,0.009839917843599721,2,0,54,1
6,0,0,0,54,1
