Iteration,Loss,#OrtschaftenZuNah,#OrtschaftenNichtImGebiet,#Ortschaften,#Gesundheitszentren
1,7.107999934924321,2,0,39,0
2,5.186381733290089,2,0,39,0
3,2.1781129590686845,2,0,39,0
4,0.3701259371336114,2,0,39,0
5,0,0,0,39,0
