Iteration,Loss,#OrtschaftenZuNah,#OrtschaftenNichtImGebiet,#Ortschaften,#Gesundheitszentren
1,6.948734147339712,3,0,129,1
2,3.3257903413294176,5,0,129,1
3,3.3257903413294176,5,0,129,1
4,3.3257903413294176,5,0,129,1
5,3.3257903413294176,5,0,129,1
6,3.3257903413294176,5,0,129,1
7,3.3257903413294176,5,0,129,1
8,3.3257903413294176,5,0,129,1
9,3.3257903413294176,5,0,129,1
10,3.3257903413294176,5,0,129,1
11,3.3257903413294176,5,0,129,1
12,3.3257903413294176,5,0,129,1
