Iteration,Loss,#OrtschaftenZuNah,#OrtschaftenNichtImGebiet,#Ortschaften,#Gesundheitszentren
1,1.7254882159681006,2,0,152,1
2,1.7254882159681006,2,0,152,1
3,1.7254882159681006,2,0,152,1
4,1.7254882159681006,2,0,152,1
5,1.7254882159681006,2,0,152,1
6,0,0,0,152,1
