Iteration,Loss,#OrtschaftenZuNah,#OrtschaftenNichtImGebiet,#Ortschaften,#Gesundheitszentren
1,8.102409275809848,2,0,706,5
2,2.085887345132395,2,0,706,5
3,2.085887345132395,2,0,706,5
4,2.085887345132395,2,0,706,5
5,2.085887345132395,2,0,706,5
6,0.02849818799587922,2,0,706,5
7,0.02849818799587922,2,0,706,5
8,0.02849818799587922,2,0,706,5
9,0.02849818799587922,2,0,706,5
10,0,0,0,706,5
