Iteration,Loss,#OrtschaftenZuNah,#OrtschaftenNichtImGebiet,#Ortschaften,#Gesundheitszentren
1,3.9100373146182807,5,0,102,1
2,3.9100373146182807,5,0,102,1
3,3.9100373146182807,5,0,102,1
4,3.9100373146182807,5,0,102,1
5,3.9100373146182807,5,0,102,1
6,3.9100373146182807,5,0,102,1
7,3.9100373146182807,5,0,102,1
8,3.9100373146182807,5,0,102,1
9,3.9100373146182807,5,0,102,1
10,2.3239849010195286,3,0,102,1
11,0.03525309243504182,2,0,102,1
12,0,0,0,102,1
