Iteration,Loss,#OrtschaftenZuNah,#OrtschaftenNichtImGebiet,#Ortschaften,#Gesundheitszentren
1,5.864364220556696,2,0,119,1
2,5.819275435123224,3,0,119,1
3,5.819275435123224,3,0,119,1
4,5.804203143073863,4,0,119,1
5,2.075277153749652,2,0,119,1
6,0.3535953276027808,3,0,119,1
7,0.3535953276027808,3,0,119,1
8,0.3041928619309733,2,0,119,1
9,0.3041928619309733,2,0,119,1
10,0,0,0,119,1
