Iteration,Loss,#OrtschaftenZuNah,#OrtschaftenNichtImGebiet,#Ortschaften,#Gesundheitszentren
1,6.640587680818844,7,0,158,1
2,6.640587680818844,7,0,158,1
3,6.640587680818844,7,0,158,1
4,6.640587680818844,7,0,158,1
5,6.640587680818844,7,0,158,1
6,6.640587680818844,7,0,158,1
7,6.640587680818844,7,0,158,1
8,6.640587680818844,7,0,158,1
9,6.640587680818844,7,0,158,1
10,6.640587680818844,7,0,158,1
11,6.640587680818844,7,0,158,1
