Iteration,Loss,#OrtschaftenZuNah,#OrtschaftenNichtImGebiet,#Ortschaften,#Gesundheitszentren
1,5.89785926081057,4,0,57,1
2,5.89785926081057,4,0,57,1
3,5.89785926081057,4,0,57,1
4,5.89785926081057,4,0,57,1
5,5.89785926081057,4,0,57,1
6,3.830671813904079,4,0,57,1
7,3.830671813904079,4,0,57,1
8,3.830671813904079,4,0,57,1
9,3.830671813904079,4,0,57,1
10,3.830671813904079,4,0,57,1
11,0,0,0,57,1
