Iteration,Loss,#OrtschaftenZuNah,#OrtschaftenNichtImGebiet,#Ortschaften,#Gesundheitszentren
1,7.816869635328713,5,0,136,2
2,4.908410194688794,5,0,136,2
3,4.908410194688794,5,0,136,2
4,4.908410194688794,5,0,136,2
5,2.5429919514388413,3,0,136,2
6,0.5400740870139042,4,0,136,2
7,0.5400740870139042,4,0,136,2
8,0.5400740870139042,4,0,136,2
9,0.5400740870139042,4,0,136,2
10,0,0,0,136,2
