Iteration,Loss,#OrtschaftenZuNah,#OrtschaftenNichtImGebiet,#Ortschaften,#Gesundheitszentren
1,0.6562723058470965,2,0,122,1
2,0.6562723058470965,2,0,122,1
3,0.6562723058470965,2,0,122,1
4,0.41185483129619627,2,0,122,1
5,0.41185483129619627,2,0,122,1
6,0.41185483129619627,2,0,122,1
7,0,0,0,122,1
