Iteration,Loss,#OrtschaftenZuNah,#OrtschaftenNichtImGebiet,#Ortschaften,#Gesundheitszentren
1,4.363663926816059,2,0,730,6
2,4.363663926816059,2,0,730,6
3,4.363663926816059,2,0,730,6
4,4.2615993834088695,4,0,730,6
5,0.35072403984043454,2,0,730,6
6,0,0,0,730,6
