Iteration,Loss,#OrtschaftenZuNah,#OrtschaftenNichtImGebiet,#Ortschaften,#Gesundheitszentren
1,3.9512366152336806,3,0,575,4
2,3.9512366152336806,3,0,575,4
3,3.9512366152336806,3,0,575,4
4,3.9512366152336806,3,0,575,4
5,2.4061900573952872,4,0,575,4
6,2.4061900573952872,4,0,575,4
7,2.4061900573952872,4,0,575,4
8,2.3726515848951975,2,0,575,4
9,2.3726515848951975,2,0,575,4
10,0.14204980971828363,2,0,575,4
11,0.14204980971828363,2,0,575,4
12,0,0,0,575,4
