Iteration,Loss,#OrtschaftenZuNah,#OrtschaftenNichtImGebiet,#Ortschaften,#Gesundheitszentren
1,10.250863777261173,3,0,34,0
2,2.359296214960988,2,0,34,0
3,0.24495769830552305,2,0,34,0
4,0,0,0,34,0
