Iteration,Loss,#OrtschaftenZuNah,#OrtschaftenNichtImGebiet,#Ortschaften,#Gesundheitszentren
1,7.551196794027134,3,0,122,1
2,5.225257993268788,4,0,122,1
3,5.225257993268788,4,0,122,1
4,5.179593408893186,5,0,122,1
5,1.5376786597641132,2,0,122,1
6,1.5376786597641132,2,0,122,1
7,0,0,0,122,1
