Iteration,Loss,#OrtschaftenZuNah,#OrtschaftenNichtImGebiet,#Ortschaften,#Gesundheitszentren
1,6.1459419077368596,3,0,103,1
2,6.1459419077368596,3,0,103,1
3,5.213118904276814,2,0,103,1
4,0,0,0,103,1
