Iteration,Loss,#OrtschaftenZuNah,#OrtschaftenNichtImGebiet,#Ortschaften,#Gesundheitszentren
1,1.4797234621250581,2,0,125,1
2,1.4797234621250581,2,0,125,1
3,1.4797234621250581,2,0,125,1
4,1.4797234621250581,2,0,125,1
5,1.4797234621250581,2,0,125,1
6,1.4797234621250581,2,0,125,1
7,0,0,0,125,1
