Iteration,Loss,#OrtschaftenZuNah,#OrtschaftenNichtImGebiet,#Ortschaften,#Gesundheitszentren
1,5.186429339200765,3,0,143,2
2,5.186429339200765,3,0,143,2
3,4.8239981080958065,2,0,143,2
4,0.1349654468232604,2,0,143,2
5,0.1349654468232604,2,0,143,2
6,0.1349654468232604,2,0,143,2
7,0.1349654468232604,2,0,143,2
8,0.1349654468232604,2,0,143,2
9,0.1349654468232604,2,0,143,2
10,0.1349654468232604,2,0,143,2
11,0.1349654468232604,2,0,143,2
12,0,0,0,143,2
