Iteration,Loss,#OrtschaftenZuNah,#OrtschaftenNichtImGebiet,#Ortschaften,#Gesundheitszentren
1,7.959826763032265,7,0,82,2
2,7.959826763032265,7,0,82,2
3,7.959826763032265,7,0,82,2
4,7.959826763032265,7,0,82,2
5,7.959826763032265,7,0,82,2
6,7.959826763032265,7,0,82,2
7,7.959826763032265,7,0,82,2
8,7.959826763032265,7,0,82,2
9,7.959826763032265,7,0,82,2
10,7.959826763032265,7,0,82,2
11,7.959826763032265,7,0,82,2
