Iteration,Loss,#OrtschaftenZuNah,#OrtschaftenNichtImGebiet,#Ortschaften,#Gesundheitszentren
1,10.129162942121113,5,0,159,1
2,8.49555454278509,7,0,159,1
3,8.49555454278509,7,0,159,1
4,8.49555454278509,7,0,159,1
5,8.49555454278509,7,0,159,1
6,8.49555454278509,7,0,159,1
7,8.49555454278509,7,0,159,1
8,8.49555454278509,7,0,159,1
9,8.49555454278509,7,0,159,1
10,8.49555454278509,7,0,159,1
11,8.49555454278509,7,0,159,1
12,8.49555454278509,7,0,159,1
