Iteration,Loss,#OrtschaftenZuNah,#OrtschaftenNichtImGebiet,#Ortschaften,#Gesundheitszentren
1,2.3662878860588723,4,0,95,1
2,2.3662878860588723,4,0,95,1
3,2.3662878860588723,4,0,95,1
4,2.3662878860588723,4,0,95,1
5,2.3662878860588723,4,0,95,1
6,2.3662878860588723,4,0,95,1
7,1.3498990792174048,2,0,95,1
8,1.3498990792174048,2,0,95,1
9,1.3498990792174048,2,0,95,1
10,1.3498990792174048,2,0,95,1
11,1.3498990792174048,2,0,95,1
12,0,0,0,95,1
