Iteration,Loss,#OrtschaftenZuNah,#OrtschaftenNichtImGebiet,#Ortschaften,#Gesundheitszentren
1,1.1477918589841085,3,0,93,1
2,1.1477918589841085,3,0,93,1
3,1.1477918589841085,3,0,93,1
4,1.1477918589841085,3,0,93,1
5,1.1477918589841085,3,0,93,1
6,1.1477918589841085,3,0,93,1
7,0.3773169013402775,2,0,93,1
8,0.3773169013402775,2,0,93,1
9,0.3773169013402775,2,0,93,1
10,0,0,0,93,1
