Iteration,Loss,#OrtschaftenZuNah,#OrtschaftenNichtImGebiet,#Ortschaften,#Gesundheitszentren
1,1.4521723294415558,3,0,101,1
2,1.4521723294415558,3,0,101,1
3,1.4521723294415558,3,0,101,1
4,1.4521723294415558,3,0,101,1
5,1.4521723294415558,3,0,101,1
6,1.4521723294415558,3,0,101,1
7,1.4521723294415558,3,0,101,1
8,1.4521723294415558,3,0,101,1
9,0.14393099451528535,2,0,101,1
10,0.14393099451528535,2,0,101,1
11,0.14393099451528535,2,0,101,1
12,0,0,0,101,1
