Iteration,Loss,#OrtschaftenZuNah,#OrtschaftenNichtImGebiet,#Ortschaften,#Gesundheitszentren
1,12.397647109326915,3,0,97,1
2,7.698840221111933,4,0,97,1
3,7.698840221111933,4,0,97,1
4,7.698840221111933,4,0,97,1
5,7.698840221111933,4,0,97,1
6,7.698840221111933,4,0,97,1
7,7.698840221111933,4,0,97,1
8,7.161917196059772,2,0,97,1
9,2.64538924131762,2,0,97,1
10,2.64538924131762,2,0,97,1
11,2.64538924131762,2,0,97,1
12,0,0,0,97,1
