Iteration,Loss,#OrtschaftenZuNah,#OrtschaftenNichtImGebiet,#Ortschaften,#Gesundheitszentren
1,14.05858829889419,5,0,121,2
2,12.304702316190841,5,0,121,2
3,7.618969574845436,4,0,121,2
4,7.618969574845436,4,0,121,2
5,7.324730624292576,4,0,121,2
6,1.079978046963392,2,0,121,2
7,0.654451773630857,2,0,121,2
8,0,0,0,121,2
