Iteration,Loss,#OrtschaftenZuNah,#OrtschaftenNichtImGebiet,#Ortschaften,#Gesundheitszentren
1,4.3118469403149575,3,0,42,0
2,4.3118469403149575,3,0,42,0
3,4.3118469403149575,3,0,42,0
4,3.1850509366102813,4,0,42,0
5,3.1850509366102813,4,0,42,0
6,0.2682247393273691,3,0,42,0
7,0.2682247393273691,3,0,42,0
8,0.2682247393273691,3,0,42,0
9,0.2682247393273691,3,0,42,0
10,0.2682247393273691,3,0,42,0
11,0,0,0,42,0
