Iteration,Loss,#OrtschaftenZuNah,#OrtschaftenNichtImGebiet,#Ortschaften,#Gesundheitszentren
1,3.1043211028591635,2,0,757,6
2,3.1043211028591635,2,0,757,6
3,3.1043211028591635,2,0,757,6
4,0,0,0,757,6
