Iteration,Loss,#OrtschaftenZuNah,#OrtschaftenNichtImGebiet,#Ortschaften,#Gesundheitszentren
1,4.038079461436556,3,0,664,5
2,4.038079461436556,3,0,664,5
3,4.038079461436556,3,0,664,5
4,4.038079461436556,3,0,664,5
5,4.038079461436556,3,0,664,5
6,4.038079461436556,3,0,664,5
7,4.038079461436556,3,0,664,5
8,4.038079461436556,3,0,664,5
9,4.038079461436556,3,0,664,5
10,4.038079461436556,3,0,664,5
11,4.038079461436556,3,0,664,5
