Iteration,Loss,#OrtschaftenZuNah,#OrtschaftenNichtImGebiet,#Ortschaften,#Gesundheitszentren
1,12.939830999979185,3,0,111,2
2,9.593249940254847,6,0,111,2
3,6.8151247031618105,5,0,111,2
4,6.8151247031618105,5,0,111,2
5,6.8151247031618105,5,0,111,2
6,4.454280305369359,4,0,111,2
7,4.454280305369359,4,0,111,2
8,4.034531341385275,3,0,111,2
9,0,0,0,111,2
