Iteration,Loss,#OrtschaftenZuNah,#OrtschaftenNichtImGebiet,#Ortschaften,#Gesundheitszentren
1,6.729921910390848,2,0,38,0
2,6.729921910390848,2,0,38,0
3,2.7916110050738787,2,0,38,0
4,1.1548065880453997,2,0,38,0
5,0,0,0,38,0
