Iteration,Loss,#OrtschaftenZuNah,#OrtschaftenNichtImGebiet,#Ortschaften,#Gesundheitszentren
1,20.676710920640854,4,0,726,6
2,18.463451542683877,5,0,726,6
3,13.769612687352364,4,0,726,6
4,3.727640364603622,4,0,726,6
5,3.727640364603622,4,0,726,6
6,0,0,0,726,6
