Iteration,Loss,#OrtschaftenZuNah,#OrtschaftenNichtImGebiet,#Ortschaften,#Gesundheitszentren
1,1.230137229126619,2,0,111,1
2,0.3928118272579013,2,0,111,1
3,0.3928118272579013,2,0,111,1
4,0.3928118272579013,2,0,111,1
5,0,0,0,111,1
