Iteration,Loss,#OrtschaftenZuNah,#OrtschaftenNichtImGebiet,#Ortschaften,#Gesundheitszentren
1,16.067477636068524,3,0,40,0
2,10.049761215842022,4,0,40,0
3,10.049761215842022,4,0,40,0
4,10.049761215842022,4,0,40,0
5,10.049761215842022,4,0,40,0
6,9.970644282985075,5,0,40,0
7,2.938751060077056,4,0,40,0
8,2.938751060077056,4,0,40,0
9,2.938751060077056,4,0,40,0
10,0,0,0,40,0
