Iteration,Loss,#OrtschaftenZuNah,#OrtschaftenNichtImGebiet,#Ortschaften,#Gesundheitszentren
1,12.721632426114123,3,0,723,6
2,2.721632426114123,3,0,723,6
3,2.721632426114123,3,0,723,6
4,2.098948568551492,2,0,723,6
5,0,0,0,723,6
