Iteration,Loss,#OrtschaftenZuNah,#OrtschaftenNichtImGebiet,#Ortschaften,#Gesundheitszentren
1,2.315284966306484,3,0,567,4
2,1.275672832484572,2,0,567,4
3,1.275672832484572,2,0,567,4
4,0,0,0,567,4
