Iteration,Loss,#OrtschaftenZuNah,#OrtschaftenNichtImGebiet,#Ortschaften,#Gesundheitszentren
1,2.3242021887638815,2,0,134,2
2,0.5288034633793561,2,0,134,2
3,0.5288034633793561,2,0,134,2
4,0.5288034633793561,2,0,134,2
5,0.5288034633793561,2,0,134,2
6,0.366025082753783,2,0,134,2
7,0,0,0,134,2
