Iteration,Loss,#OrtschaftenZuNah,#OrtschaftenNichtImGebiet,#Ortschaften,#Gesundheitszentren
1,6.374255142723094,3,0,119,1
2,1.1397284319204672,3,0,119,1
3,1.0139215610832366,4,0,119,1
4,0.15431458205734572,2,0,119,1
5,0,0,0,119,1
