Iteration,Loss,#OrtschaftenZuNah,#OrtschaftenNichtImGebiet,#Ortschaften,#Gesundheitszentren
1,0.7902528911813125,2,0,98,1
2,0.19906413224129693,2,0,98,1
3,0.19906413224129693,2,0,98,1
4,0,0,0,98,1
