Iteration,Loss,#OrtschaftenZuNah,#OrtschaftenNichtImGebiet,#Ortschaften,#Gesundheitszentren
1,3.251517576281751,4,0,118,1
2,3.251517576281751,4,0,118,1
3,2.974714278040233,3,0,118,1
4,2.974714278040233,3,0,118,1
5,1.207747924405437,2,0,118,1
6,0,0,0,118,1
