Iteration,Loss,#OrtschaftenZuNah,#OrtschaftenNichtImGebiet,#Ortschaften,#Gesundheitszentren
1,1.5804727445156104,3,0,758,6
2,1.5804727445156104,3,0,758,6
3,1.5804727445156104,3,0,758,6
4,0,0,0,758,6
