Iteration,Loss,#OrtschaftenZuNah,#OrtschaftenNichtImGebiet,#Ortschaften,#Gesundheitszentren
1,3.1454805783410817,2,0,111,1
2,2.676400188337305,2,0,111,1
3,2.676400188337305,2,0,111,1
4,2.676400188337305,2,0,111,1
5,2.676400188337305,2,0,111,1
6,2.676400188337305,2,0,111,1
7,2.676400188337305,2,0,111,1
8,2.676400188337305,2,0,111,1
9,2.676400188337305,2,0,111,1
10,2.676400188337305,2,0,111,1
11,2.676400188337305,2,0,111,1
12,2.676400188337305,2,0,111,1
