Iteration,Loss,#OrtschaftenZuNah,#OrtschaftenNichtImGebiet,#Ortschaften,#Gesundheitszentren
1,2.359481346676249,4,0,665,5
2,2.359481346676249,4,0,665,5
3,2.359481346676249,4,0,665,5
4,2.359481346676249,4,0,665,5
5,2.359481346676249,4,0,665,5
6,2.359481346676249,4,0,665,5
7,1.888873895231633,4,0,665,5
8,1.888873895231633,4,0,665,5
9,1.888873895231633,4,0,665,5
10,1.888873895231633,4,0,665,5
11,1.888873895231633,4,0,665,5
12,1.888873895231633,4,0,665,5
13,0,0,0,665,5
