Iteration,Loss,#OrtschaftenZuNah,#OrtschaftenNichtImGebiet,#Ortschaften,#Gesundheitszentren
1,6.138089698427596,3,0,15,0
2,3.8561056497894803,5,0,15,0
3,3.8561056497894803,5,0,15,0
4,2.1635019734229424,4,0,15,0
5,0,0,0,15,0
