Iteration,Loss,#OrtschaftenZuNah,#OrtschaftenNichtImGebiet,#Ortschaften,#Gesundheitszentren
1,1.3446690873952765,2,0,82,1
2,1.3446690873952765,2,0,82,1
3,0.43205371074809484,2,0,82,1
4,0,0,0,82,1
