Iteration,Loss,#OrtschaftenZuNah,#OrtschaftenNichtImGebiet,#Ortschaften,#Gesundheitszentren
1,0.9037027879409489,4,0,103,1
2,0.9037027879409489,4,0,103,1
3,0.15590542916921635,2,0,103,1
4,0.15590542916921635,2,0,103,1
5,0.1348985090949686,2,0,103,1
6,0.1348985090949686,2,0,103,1
7,0.1348985090949686,2,0,103,1
8,0,0,0,103,1
