Iteration,Loss,#OrtschaftenZuNah,#OrtschaftenNichtImGebiet,#Ortschaften,#Gesundheitszentren
1,4.556281713959625,2,0,88,1
2,0.9293841933271771,2,0,88,1
3,0.9293841933271771,2,0,88,1
4,0.9293841933271771,2,0,88,1
5,0,0,0,88,1
