Iteration,Loss,#OrtschaftenZuNah,#OrtschaftenNichtImGebiet,#Ortschaften,#Gesundheitszentren
1,4.623339871912848,2,0,647,5
2,2.4065911642182165,3,0,647,5
3,2.4065911642182165,3,0,647,5
4,2.4065911642182165,3,0,647,5
5,2.4065911642182165,3,0,647,5
6,2.4065911642182165,3,0,647,5
7,2.4065911642182165,3,0,647,5
8,2.4065911642182165,3,0,647,5
9,2.4065911642182165,3,0,647,5
10,2.4065911642182165,3,0,647,5
11,2.4065911642182165,3,0,647,5
12,2.4065911642182165,3,0,647,5
