Iteration,Loss,#OrtschaftenZuNah,#OrtschaftenNichtImGebiet,#Ortschaften,#Gesundheitszentren
1,2.840606833939251,4,0,33,0
2,2.840606833939251,4,0,33,0
3,2.840606833939251,4,0,33,0
4,2.840606833939251,4,0,33,0
5,2.831206210164865,4,0,33,0
6,2.831206210164865,4,0,33,0
7,2.831206210164865,4,0,33,0
8,2.831206210164865,4,0,33,0
9,2.831206210164865,4,0,33,0
10,2.831206210164865,4,0,33,0
11,2.831206210164865,4,0,33,0
12,0,0,0,33,0
