Iteration,Loss,#OrtschaftenZuNah,#OrtschaftenNichtImGebiet,#Ortschaften,#Gesundheitszentren
1,0.8061892942566669,2,0,817,8
2,0.5476057254482463,4,0,817,8
3,0.5476057254482463,4,0,817,8
4,0.5476057254482463,4,0,817,8
5,0.5476057254482463,4,0,817,8
6,0.5476057254482463,4,0,817,8
7,0.5476057254482463,4,0,817,8
8,0.5476057254482463,4,0,817,8
9,0.5476057254482463,4,0,817,8
10,0.5476057254482463,4,0,817,8
11,0.5476057254482463,4,0,817,8
12,0.5476057254482463,4,0,817,8
