Iteration,Loss,#OrtschaftenZuNah,#OrtschaftenNichtImGebiet,#Ortschaften,#Gesundheitszentren
1,3.3908298557738874,4,0,679,5
2,3.3908298557738874,4,0,679,5
3,3.3908298557738874,4,0,679,5
4,0,0,0,679,5
