Iteration,Loss,#OrtschaftenZuNah,#OrtschaftenNichtImGebiet,#Ortschaften,#Gesundheitszentren
1,3.8090711821662353,3,0,812,8
2,3.8090711821662353,3,0,812,8
3,3.8090711821662353,3,0,812,8
4,3.8090711821662353,3,0,812,8
5,3.8090711821662353,3,0,812,8
6,3.8090711821662353,3,0,812,8
7,3.8090711821662353,3,0,812,8
8,3.8090711821662353,3,0,812,8
9,0,0,0,812,8
