Iteration,Loss,#OrtschaftenZuNah,#OrtschaftenNichtImGebiet,#Ortschaften,#Gesundheitszentren
1,4.477525610809389,3,0,743,6
2,4.477525610809389,3,0,743,6
3,4.477525610809389,3,0,743,6
4,4.477525610809389,3,0,743,6
5,4.477525610809389,3,0,743,6
6,3.4720093540461114,4,0,743,6
7,3.4720093540461114,4,0,743,6
8,2.7800478459239075,2,0,743,6
9,0,0,0,743,6
