Iteration,Loss,#OrtschaftenZuNah,#OrtschaftenNichtImGebiet,#Ortschaften,#Gesundheitszentren
1,0.47598241025862364,2,0,687,5
2,0.47598241025862364,2,0,687,5
3,0.47598241025862364,2,0,687,5
4,0.47598241025862364,2,0,687,5
5,0.42082357820949134,2,0,687,5
6,0.42082357820949134,2,0,687,5
7,0.42082357820949134,2,0,687,5
8,0.2755244128359795,2,0,687,5
9,0,0,0,687,5
