Iteration,Loss,#OrtschaftenZuNah,#OrtschaftenNichtImGebiet,#Ortschaften,#Gesundheitszentren
1,9.915787227682298,3,0,661,5
2,9.915787227682298,3,0,661,5
3,7.616591922476816,3,0,661,5
4,3.4837279096054514,2,0,661,5
5,3.4837279096054514,2,0,661,5
6,3.4837279096054514,2,0,661,5
7,0,0,0,661,5
