Iteration,Loss,#OrtschaftenZuNah,#OrtschaftenNichtImGebiet,#Ortschaften,#Gesundheitszentren
1,8.897955075663337,3,0,617,4
2,8.55372281355871,5,0,617,4
3,8.55372281355871,5,0,617,4
4,8.55372281355871,5,0,617,4
5,8.55372281355871,5,0,617,4
6,6.562907754198825,2,0,617,4
7,3.6046276313948233,2,0,617,4
8,2.56421910314425,2,0,617,4
9,1.1922493331706328,2,0,617,4
10,1.0059128270676343,2,0,617,4
11,0,0,0,617,4
