Iteration,Loss,#OrtschaftenZuNah,#OrtschaftenNichtImGebiet,#Ortschaften,#Gesundheitszentren
1,6.032388357211092,2,0,634,5
2,0.7794013445281198,2,0,634,5
3,0.7794013445281198,2,0,634,5
4,0.7794013445281198,2,0,634,5
5,0,0,0,634,5
