Iteration,Loss,#OrtschaftenZuNah,#OrtschaftenNichtImGebiet,#Ortschaften,#Gesundheitszentren
1,9.520111232005402,5,0,589,4
2,9.520111232005402,5,0,589,4
3,9.520111232005402,5,0,589,4
4,9.520111232005402,5,0,589,4
5,9.520111232005402,5,0,589,4
6,9.520111232005402,5,0,589,4
7,9.520111232005402,5,0,589,4
8,9.520111232005402,5,0,589,4
9,9.520111232005402,5,0,589,4
10,9.520111232005402,5,0,589,4
11,9.520111232005402,5,0,589,4
