Iteration,Loss,#OrtschaftenZuNah,#OrtschaftenNichtImGebiet,#Ortschaften,#Gesundheitszentren
1,0.07130591503328354,2,0,612,4
2,0.07130591503328354,2,0,612,4
3,0.07130591503328354,2,0,612,4
4,0.07130591503328354,2,0,612,4
5,0.07130591503328354,2,0,612,4
6,0,0,0,612,4
