Iteration,Loss,#OrtschaftenZuNah,#OrtschaftenNichtImGebiet,#Ortschaften,#Gesundheitszentren
1,3.328319910307478,3,0,760,6
2,2.3457866832444187,2,0,760,6
3,2.3457866832444187,2,0,760,6
4,1.4931675942214966,2,0,760,6
5,0,0,0,760,6
