Iteration,Loss,#OrtschaftenZuNah,#OrtschaftenNichtImGebiet,#Ortschaften,#Gesundheitszentren
1,2.7091960478051167,5,0,93,1
2,2.7091960478051167,5,0,93,1
3,2.3255959576656338,4,0,93,1
4,0,0,0,93,1
