Iteration,Loss,#OrtschaftenZuNah,#OrtschaftenNichtImGebiet,#Ortschaften,#Gesundheitszentren
1,7.861001472167365,5,0,78,1
2,6.810805615179977,5,0,78,1
3,6.810805615179977,5,0,78,1
4,6.810805615179977,5,0,78,1
5,5.210905514884967,5,0,78,1
6,5.210905514884967,5,0,78,1
7,5.210905514884967,5,0,78,1
8,5.210905514884967,5,0,78,1
9,1.5047125966926025,2,0,78,1
10,0,0,0,78,1
