Iteration,Loss,#OrtschaftenZuNah,#OrtschaftenNichtImGebiet,#Ortschaften,#Gesundheitszentren
1,2.2739396576367907,2,0,81,1
2,1.4919427190960004,4,0,81,1
3,1.4919427190960004,4,0,81,1
4,0,0,0,81,1
