Iteration,Loss,#OrtschaftenZuNah,#OrtschaftenNichtImGebiet,#Ortschaften,#Gesundheitszentren
1,13.215970244398516,2,0,37,0
2,3.5407506274013905,6,0,37,0
3,3.5407506274013905,6,0,37,0
4,2.0889913836792218,4,0,37,0
5,2.0889913836792218,4,0,37,0
6,2.0889913836792218,4,0,37,0
7,0,0,0,37,0
