Iteration,Loss,#OrtschaftenZuNah,#OrtschaftenNichtImGebiet,#Ortschaften,#Gesundheitszentren
1,2.4947590590966833,2,0,31,0
2,2.4947590590966833,2,0,31,0
3,0.2571949009375487,4,0,31,0
4,0.2571949009375487,4,0,31,0
5,0.2571949009375487,4,0,31,0
6,0.2571949009375487,4,0,31,0
7,0.2571949009375487,4,0,31,0
8,0.2571949009375487,4,0,31,0
9,0.2571949009375487,4,0,31,0
10,0,0,0,31,0
