Iteration,Loss,#OrtschaftenZuNah,#OrtschaftenNichtImGebiet,#Ortschaften,#Gesundheitszentren
1,9.698762472932856,2,0,628,5
2,7.796399403573346,4,0,628,5
3,1.4542773857773277,2,0,628,5
4,0,0,0,628,5
