Iteration,Loss,#OrtschaftenZuNah,#OrtschaftenNichtImGebiet,#Ortschaften,#Gesundheitszentren
1,0.6603469431402864,3,0,69,1
2,0.6603469431402864,3,0,69,1
3,0.6603469431402864,3,0,69,1
4,0.6603469431402864,3,0,69,1
5,0,0,0,69,1
