Iteration,Loss,#OrtschaftenZuNah,#OrtschaftenNichtImGebiet,#Ortschaften,#Gesundheitszentren
1,2.668743588048134,5,0,32,0
2,2.668743588048134,5,0,32,0
3,2.668743588048134,5,0,32,0
4,2.668743588048134,5,0,32,0
5,2.668743588048134,5,0,32,0
6,2.668743588048134,5,0,32,0
7,2.668743588048134,5,0,32,0
8,2.668743588048134,5,0,32,0
9,2.668743588048134,5,0,32,0
10,2.668743588048134,5,0,32,0
11,2.668743588048134,5,0,32,0
