Iteration,Loss,#OrtschaftenZuNah,#OrtschaftenNichtImGebiet,#Ortschaften,#Gesundheitszentren
1,1.8635011397015155,4,0,754,6
2,1.5381983908591756,2,0,754,6
3,0.17612623741472966,2,0,754,6
4,0.17612623741472966,2,0,754,6
5,0.17612623741472966,2,0,754,6
6,0.17612623741472966,2,0,754,6
7,0,0,0,754,6
