Iteration,Loss,#OrtschaftenZuNah,#OrtschaftenNichtImGebiet,#Ortschaften,#Gesundheitszentren
1,7.504508971754191,4,0,40,0
2,7.504508971754191,4,0,40,0
3,7.504508971754191,4,0,40,0
4,7.504508971754191,4,0,40,0
5,4.20476995344627,5,0,40,0
6,4.20476995344627,5,0,40,0
7,4.20476995344627,5,0,40,0
8,4.20476995344627,5,0,40,0
9,2.9100929430982454,2,0,40,0
10,0,0,0,40,0
