Iteration,Loss,#OrtschaftenZuNah,#OrtschaftenNichtImGebiet,#Ortschaften,#Gesundheitszentren
1,4.1119468314614345,3,0,61,1
2,2.700366177874148,3,0,61,1
3,2.700366177874148,3,0,61,1
4,2.700366177874148,3,0,61,1
5,0.9440357057750113,2,0,61,1
6,0,0,0,61,1
