Iteration,Loss,#OrtschaftenZuNah,#OrtschaftenNichtImGebiet,#Ortschaften,#Gesundheitszentren
1,1.136287485517654,2,0,753,6
2,1.136287485517654,2,0,753,6
3,1.136287485517654,2,0,753,6
4,1.136287485517654,2,0,753,6
5,1.136287485517654,2,0,753,6
6,0.2637321520001237,2,0,753,6
7,0.2637321520001237,2,0,753,6
8,0.2637321520001237,2,0,753,6
9,0.2637321520001237,2,0,753,6
10,0.2637321520001237,2,0,753,6
11,0.2637321520001237,2,0,753,6
12,0,0,0,753,6
