Iteration,Loss,#OrtschaftenZuNah,#OrtschaftenNichtImGebiet,#Ortschaften,#Gesundheitszentren
1,5.335579679170536,5,0,703,5
2,5.335579679170536,5,0,703,5
3,5.335579679170536,5,0,703,5
4,5.335579679170536,5,0,703,5
5,5.335579679170536,5,0,703,5
6,5.335579679170536,5,0,703,5
7,0.6699616245182884,2,0,703,5
8,0.6699616245182884,2,0,703,5
9,0.6699616245182884,2,0,703,5
10,0,0,0,703,5
