Iteration,Loss,#OrtschaftenZuNah,#OrtschaftenNichtImGebiet,#Ortschaften,#Gesundheitszentren
1,6.896019206745768,3,0,713,6
2,6.896019206745768,3,0,713,6
3,6.896019206745768,3,0,713,6
4,4.0951382887007615,3,0,713,6
5,2.767500158574803,2,0,713,6
6,2.767500158574803,2,0,713,6
7,0,0,0,713,6
