Iteration,Loss,#OrtschaftenZuNah,#OrtschaftenNichtImGebiet,#Ortschaften,#Gesundheitszentren
1,1.1241194827941001,3,0,850,9
2,1.1241194827941001,3,0,850,9
3,1.1241194827941001,3,0,850,9
4,1.1241194827941001,3,0,850,9
5,1.1241194827941001,3,0,850,9
6,1.1241194827941001,3,0,850,9
7,1.1241194827941001,3,0,850,9
8,0,0,0,850,9
