Iteration,Loss,#OrtschaftenZuNah,#OrtschaftenNichtImGebiet,#Ortschaften,#Gesundheitszentren
1,3.8394655766479744,4,0,57,1
2,3.8394655766479744,4,0,57,1
3,2.6030628696550195,2,0,57,1
4,0,0,0,57,1
