Iteration,Loss,#OrtschaftenZuNah,#OrtschaftenNichtImGebiet,#Ortschaften,#Gesundheitszentren
1,14.624102503726487,7,0,42,0
2,14.624102503726487,7,0,42,0
3,14.624102503726487,7,0,42,0
4,14.624102503726487,7,0,42,0
5,14.624102503726487,7,0,42,0
6,14.624102503726487,7,0,42,0
7,14.624102503726487,7,0,42,0
8,14.624102503726487,7,0,42,0
9,14.624102503726487,7,0,42,0
10,14.624102503726487,7,0,42,0
11,14.624102503726487,7,0,42,0
