Iteration,Loss,#OrtschaftenZuNah,#OrtschaftenNichtImGebiet,#Ortschaften,#Gesundheitszentren
1,5.373782990415215,3,0,25,0
2,3.240793624302352,2,0,25,0
3,3.240793624302352,2,0,25,0
4,0.9242822215568403,2,0,25,0
5,0,0,0,25,0
