Iteration,Loss,#OrtschaftenZuNah,#OrtschaftenNichtImGebiet,#Ortschaften,#Gesundheitszentren
1,1.2045677037059974,2,0,131,2
2,1.2045677037059974,2,0,131,2
3,1.2045677037059974,2,0,131,2
4,1.2045677037059974,2,0,131,2
5,1.2045677037059974,2,0,131,2
6,1.2045677037059974,2,0,131,2
7,1.2045677037059974,2,0,131,2
8,1.2045677037059974,2,0,131,2
9,1.2045677037059974,2,0,131,2
10,0,0,0,131,2
