Iteration,Loss,#OrtschaftenZuNah,#OrtschaftenNichtImGebiet,#Ortschaften,#Gesundheitszentren
1,9.1580359409866,5,0,571,4
2,9.1580359409866,5,0,571,4
3,8.846344724441408,7,0,571,4
4,6.505756162750626,5,0,571,4
5,1.3966095902642497,4,0,571,4
6,1.3966095902642497,4,0,571,4
7,1.3966095902642497,4,0,571,4
8,0.11030791742507873,2,0,571,4
9,0,0,0,571,4
