Iteration,Loss,#OrtschaftenZuNah,#OrtschaftenNichtImGebiet,#Ortschaften,#Gesundheitszentren
1,5.214905853915193,5,0,112,1
2,5.214905853915193,5,0,112,1
3,5.214905853915193,5,0,112,1
4,5.214905853915193,5,0,112,1
5,5.214905853915193,5,0,112,1
6,5.214905853915193,5,0,112,1
7,5.214905853915193,5,0,112,1
8,5.214905853915193,5,0,112,1
9,5.214905853915193,5,0,112,1
10,5.214905853915193,5,0,112,1
11,5.214905853915193,5,0,112,1
