Iteration,Loss,#OrtschaftenZuNah,#OrtschaftenNichtImGebiet,#Ortschaften,#Gesundheitszentren
1,6.2750543740588025,3,0,134,3
2,4.1957744158471595,4,0,134,3
3,4.1957744158471595,4,0,134,3
4,4.1957744158471595,4,0,134,3
5,4.1957744158471595,4,0,134,3
6,4.1957744158471595,4,0,134,3
7,4.1957744158471595,4,0,134,3
8,4.1957744158471595,4,0,134,3
9,4.1957744158471595,4,0,134,3
10,4.1957744158471595,4,0,134,3
11,4.1957744158471595,4,0,134,3
12,4.1957744158471595,4,0,134,3
