Iteration,Loss,#OrtschaftenZuNah,#OrtschaftenNichtImGebiet,#Ortschaften,#Gesundheitszentren
1,7.806467589681551,3,0,719,6
2,7.1377612643140775,4,0,719,6
3,0.9371387636135342,2,0,719,6
4,0.4910804642963704,2,0,719,6
5,0.4910804642963704,2,0,719,6
6,0.2902158280557039,2,0,719,6
7,0.2902158280557039,2,0,719,6
8,0.2902158280557039,2,0,719,6
9,0,0,0,719,6
