Iteration,Loss,#OrtschaftenZuNah,#OrtschaftenNichtImGebiet,#Ortschaften,#Gesundheitszentren
1,2.510655686793224,3,0,64,1
2,2.510655686793224,3,0,64,1
3,1.2790117515469603,2,0,64,1
4,1.2790117515469603,2,0,64,1
5,1.2790117515469603,2,0,64,1
6,0.8296816777040448,2,0,64,1
7,0.8296816777040448,2,0,64,1
8,0.8296816777040448,2,0,64,1
9,0.7399371491476927,3,0,64,1
10,0,0,0,64,1
