Iteration,Loss,#OrtschaftenZuNah,#OrtschaftenNichtImGebiet,#Ortschaften,#Gesundheitszentren
1,0.0775352967044185,2,0,595,4
2,0.0775352967044185,2,0,595,4
3,0.0775352967044185,2,0,595,4
4,0.0775352967044185,2,0,595,4
5,0.0775352967044185,2,0,595,4
6,0,0,0,595,4
