Iteration,Loss,#OrtschaftenZuNah,#OrtschaftenNichtImGebiet,#Ortschaften,#Gesundheitszentren
1,9.127605912097358,3,0,130,2
2,9.127605912097358,3,0,130,2
3,8.543120290289927,6,0,130,2
4,8.543120290289927,6,0,130,2
5,8.543120290289927,6,0,130,2
6,8.543120290289927,6,0,130,2
7,8.543120290289927,6,0,130,2
8,8.543120290289927,6,0,130,2
9,8.543120290289927,6,0,130,2
10,8.543120290289927,6,0,130,2
11,8.543120290289927,6,0,130,2
12,8.543120290289927,6,0,130,2
13,8.543120290289927,6,0,130,2
