Iteration,Loss,#OrtschaftenZuNah,#OrtschaftenNichtImGebiet,#Ortschaften,#Gesundheitszentren
1,3.3229177186628043,3,0,125,1
2,3.3229177186628043,3,0,125,1
3,3.3229177186628043,3,0,125,1
4,0.6617946131045649,2,0,125,1
5,0,0,0,125,1
