Iteration,Loss,#OrtschaftenZuNah,#OrtschaftenNichtImGebiet,#Ortschaften,#Gesundheitszentren
1,5.382384431818774,4,0,684,5
2,5.382384431818774,4,0,684,5
3,5.382384431818774,4,0,684,5
4,2.372898813260112,2,0,684,5
5,0,0,0,684,5
