Iteration,Loss,#OrtschaftenZuNah,#OrtschaftenNichtImGebiet,#Ortschaften,#Gesundheitszentren
1,2.3853188338417226,2,0,22,0
2,2.3853188338417226,2,0,22,0
3,1.0135605837759307,2,0,22,0
4,0,0,0,22,0
