Iteration,Loss,#OrtschaftenZuNah,#OrtschaftenNichtImGebiet,#Ortschaften,#Gesundheitszentren
1,5.155668675357325,4,0,126,1
2,0.6395097003422947,2,0,126,1
3,0.6395097003422947,2,0,126,1
4,0.6395097003422947,2,0,126,1
5,0.6395097003422947,2,0,126,1
6,0.6395097003422947,2,0,126,1
7,0,0,0,126,1
