Iteration,Loss,#OrtschaftenZuNah,#OrtschaftenNichtImGebiet,#Ortschaften,#Gesundheitszentren
1,0.7765513578260155,2,0,848,9
2,0.7765513578260155,2,0,848,9
3,0.7765513578260155,2,0,848,9
4,0.7765513578260155,2,0,848,9
5,0.7765513578260155,2,0,848,9
6,0.7765513578260155,2,0,848,9
7,0.7765513578260155,2,0,848,9
8,0.7765513578260155,2,0,848,9
9,0.7765513578260155,2,0,848,9
10,0,0,0,848,9
