Iteration,Loss,#OrtschaftenZuNah,#OrtschaftenNichtImGebiet,#Ortschaften,#Gesundheitszentren
1,2.528297803042115,4,0,92,1
2,2.528297803042115,4,0,92,1
3,2.528297803042115,4,0,92,1
4,0.988044310736024,2,0,92,1
5,0.988044310736024,2,0,92,1
6,0.988044310736024,2,0,92,1
7,0.5613727063682852,2,0,92,1
8,0.5613727063682852,2,0,92,1
9,0,0,0,92,1
