Iteration,Loss,#OrtschaftenZuNah,#OrtschaftenNichtImGebiet,#Ortschaften,#Gesundheitszentren
1,4.561798392783476,6,0,185,0
2,4.561798392783476,6,0,185,0
3,2.903046497227585,4,0,185,0
4,2.903046497227585,4,0,185,0
5,2.903046497227585,4,0,185,0
6,2.903046497227585,4,0,185,0
7,2.903046497227585,4,0,185,0
8,2.903046497227585,4,0,185,0
9,0.3450215334629867,2,0,185,0
10,0,0,0,185,0
