Iteration,Loss,#OrtschaftenZuNah,#OrtschaftenNichtImGebiet,#Ortschaften,#Gesundheitszentren
1,2.4138967002387366,3,0,147,2
2,2.4138967002387366,3,0,147,2
3,2.4138967002387366,3,0,147,2
4,2.4138967002387366,3,0,147,2
5,1.7743116587065177,2,0,147,2
6,1.7743116587065177,2,0,147,2
7,1.7743116587065177,2,0,147,2
8,0.5049610627702616,2,0,147,2
9,0.5049610627702616,2,0,147,2
10,0,0,0,147,2
