Iteration,Loss,#OrtschaftenZuNah,#OrtschaftenNichtImGebiet,#Ortschaften,#Gesundheitszentren
1,5.564142463395935,4,0,16,0
2,5.477062413523386,6,0,16,0
3,5.477062413523386,6,0,16,0
4,5.477062413523386,6,0,16,0
5,5.477062413523386,6,0,16,0
6,5.477062413523386,6,0,16,0
7,5.477062413523386,6,0,16,0
8,5.477062413523386,6,0,16,0
9,4.9694631430365135,4,0,16,0
10,3.822243200947895,4,0,16,0
11,3.822243200947895,4,0,16,0
12,3.822243200947895,4,0,16,0
13,0,0,0,16,0
