Iteration,Loss,#OrtschaftenZuNah,#OrtschaftenNichtImGebiet,#Ortschaften,#Gesundheitszentren
1,8.419373845179734,6,0,110,1
2,8.419373845179734,6,0,110,1
3,8.419373845179734,6,0,110,1
4,8.419373845179734,6,0,110,1
5,8.419373845179734,6,0,110,1
6,8.419373845179734,6,0,110,1
7,8.419373845179734,6,0,110,1
8,8.419373845179734,6,0,110,1
9,8.419373845179734,6,0,110,1
10,8.419373845179734,6,0,110,1
11,8.419373845179734,6,0,110,1
