Iteration,Loss,#OrtschaftenZuNah,#OrtschaftenNichtImGebiet,#Ortschaften,#Gesundheitszentren
1,2.8343929249441846,4,0,77,1
2,2.7526745665776575,4,0,77,1
3,2.7526745665776575,4,0,77,1
4,2.0189243804186567,4,0,77,1
5,2.0189243804186567,4,0,77,1
6,2.0189243804186567,4,0,77,1
7,2.0189243804186567,4,0,77,1
8,2.0189243804186567,4,0,77,1
9,1.4015062795447601,2,0,77,1
10,0,0,0,77,1
