Iteration,Loss,#OrtschaftenZuNah,#OrtschaftenNichtImGebiet,#Ortschaften,#Gesundheitszentren
1,11.018635247331776,4,0,699,5
2,11.018635247331776,4,0,699,5
3,11.018635247331776,4,0,699,5
4,11.018635247331776,4,0,699,5
5,11.018635247331776,4,0,699,5
6,11.018635247331776,4,0,699,5
7,11.018635247331776,4,0,699,5
8,11.018635247331776,4,0,699,5
9,11.018635247331776,4,0,699,5
10,11.018635247331776,4,0,699,5
