Iteration,Loss,#OrtschaftenZuNah,#OrtschaftenNichtImGebiet,#Ortschaften,#Gesundheitszentren
1,8.954256210964513,3,0,695,5
2,0.5099541346058469,2,0,695,5
3,0.3099494240096696,2,0,695,5
4,0.3099494240096696,2,0,695,5
5,0.3099494240096696,2,0,695,5
6,0.18511336563062386,2,0,695,5
7,0,0,0,695,5
