Iteration,Loss,#OrtschaftenZuNah,#OrtschaftenNichtImGebiet,#Ortschaften,#Gesundheitszentren
1,0.5890748459515862,2,0,20,0
2,0.5890748459515862,2,0,20,0
3,0.5890748459515862,2,0,20,0
4,0.5890748459515862,2,0,20,0
5,0.5890748459515862,2,0,20,0
6,0.5890748459515862,2,0,20,0
7,0.5890748459515862,2,0,20,0
8,0.5890748459515862,2,0,20,0
9,0.5890748459515862,2,0,20,0
10,0,0,0,20,0
