Iteration,Loss,#OrtschaftenZuNah,#OrtschaftenNichtImGebiet,#Ortschaften,#Gesundheitszentren
1,1.2254645493383194,4,0,116,1
2,1.2254645493383194,4,0,116,1
3,1.2254645493383194,4,0,116,1
4,1.2254645493383194,4,0,116,1
5,1.2254645493383194,4,0,116,1
6,1.2254645493383194,4,0,116,1
7,1.2254645493383194,4,0,116,1
8,0.6266753544157808,2,0,116,1
9,0,0,0,116,1
