Iteration,Loss,#OrtschaftenZuNah,#OrtschaftenNichtImGebiet,#Ortschaften,#Gesundheitszentren
1,0.7592716113297513,2,0,162,2
2,0.7592716113297513,2,0,162,2
3,0.7592716113297513,2,0,162,2
4,0,0,0,162,2
