Iteration,Loss,#OrtschaftenZuNah,#OrtschaftenNichtImGebiet,#Ortschaften,#Gesundheitszentren
1,0.9961685949711185,3,0,113,1
2,0.34501093543882533,2,0,113,1
3,0.34501093543882533,2,0,113,1
4,0.34501093543882533,2,0,113,1
5,0,0,0,113,1
