Iteration,Loss,#OrtschaftenZuNah,#OrtschaftenNichtImGebiet,#Ortschaften,#Gesundheitszentren
1,1.7236455452920154,2,0,622,5
2,1.7236455452920154,2,0,622,5
3,0.9361507476382034,2,0,622,5
4,0.9361507476382034,2,0,622,5
5,0.9361507476382034,2,0,622,5
6,0,0,0,622,5
