Iteration,Loss,#OrtschaftenZuNah,#OrtschaftenNichtImGebiet,#Ortschaften,#Gesundheitszentren
1,12.17503135026263,5,0,192,0
2,10.239880508579295,6,0,192,0
3,10.239880508579295,6,0,192,0
4,6.497003420284354,5,0,192,0
5,1.933008326728448,4,0,192,0
6,1.8782593689363551,4,0,192,0
7,0,0,0,192,0
