Iteration,Loss,#OrtschaftenZuNah,#OrtschaftenNichtImGebiet,#Ortschaften,#Gesundheitszentren
1,0.8743382813777547,2,0,768,7
2,0.8743382813777547,2,0,768,7
3,0.8743382813777547,2,0,768,7
4,0.8743382813777547,2,0,768,7
5,0.6031164437641827,2,0,768,7
6,0,0,0,768,7
