Iteration,Loss,#OrtschaftenZuNah,#OrtschaftenNichtImGebiet,#Ortschaften,#Gesundheitszentren
1,17.390483991896204,7,0,65,1
2,14.645313565638302,6,0,65,1
3,4.645313565638302,6,0,65,1
4,2.3077594204433023,5,0,65,1
5,2.3077594204433023,5,0,65,1
6,2.3077594204433023,5,0,65,1
7,1.7931145563094386,5,0,65,1
8,1.7931145563094386,5,0,65,1
9,1.7931145563094386,5,0,65,1
10,0.20781480675133857,2,0,65,1
11,0,0,0,65,1
