Iteration,Loss,#OrtschaftenZuNah,#OrtschaftenNichtImGebiet,#Ortschaften,#Gesundheitszentren
1,9.723615118875603,4,0,728,6
2,9.559528952208684,5,0,728,6
3,2.8125376189610165,4,0,728,6
4,2.666564309511985,2,0,728,6
5,1.0783860980045805,4,0,728,6
6,1.0783860980045805,4,0,728,6
7,0,0,0,728,6
