Iteration,Loss,#OrtschaftenZuNah,#OrtschaftenNichtImGebiet,#Ortschaften,#Gesundheitszentren
1,3.0544666591783534,4,0,550,4
2,3.0544666591783534,4,0,550,4
3,2.3462093565105455,4,0,550,4
4,2.3462093565105455,4,0,550,4
5,1.4819483028919915,3,0,550,4
6,0.22564498335256644,2,0,550,4
7,0,0,0,550,4
