Iteration,Loss,#OrtschaftenZuNah,#OrtschaftenNichtImGebiet,#Ortschaften,#Gesundheitszentren
1,5.974522499145412,4,0,797,7
2,5.974522499145412,4,0,797,7
3,5.974522499145412,4,0,797,7
4,5.974522499145412,4,0,797,7
5,5.974522499145412,4,0,797,7
6,5.974522499145412,4,0,797,7
7,5.974522499145412,4,0,797,7
8,5.974522499145412,4,0,797,7
9,5.974522499145412,4,0,797,7
10,5.974522499145412,4,0,797,7
11,5.974522499145412,4,0,797,7
