Iteration,Loss,#OrtschaftenZuNah,#OrtschaftenNichtImGebiet,#Ortschaften,#Gesundheitszentren
1,3.008223432600447,4,0,114,2
2,3.008223432600447,4,0,114,2
3,2.4888541902678973,3,0,114,2
4,0.4475962204352708,2,0,114,2
5,0.4475962204352708,2,0,114,2
6,0.4475962204352708,2,0,114,2
7,0.4475962204352708,2,0,114,2
8,0.4475962204352708,2,0,114,2
9,0.22275133617181808,2,0,114,2
10,0,0,0,114,2
