Iteration,Loss,#OrtschaftenZuNah,#OrtschaftenNichtImGebiet,#Ortschaften,#Gesundheitszentren
1,3.427065916227331,2,0,33,0
2,2.356299032834894,2,0,33,0
3,2.356299032834894,2,0,33,0
4,2.3082364841324967,2,0,33,0
5,2.3082364841324967,2,0,33,0
6,1.697969691885202,2,0,33,0
7,0,0,0,33,0
