Iteration,Loss,#OrtschaftenZuNah,#OrtschaftenNichtImGebiet,#Ortschaften,#Gesundheitszentren
1,4.384454069191854,3,0,118,1
2,1.2178760026741617,2,0,118,1
3,0.8220419245090103,2,0,118,1
4,0.09729114184395193,2,0,118,1
5,0.09729114184395193,2,0,118,1
6,0.09729114184395193,2,0,118,1
7,0.09729114184395193,2,0,118,1
8,0,0,0,118,1
