Iteration,Loss,#OrtschaftenZuNah,#OrtschaftenNichtImGebiet,#Ortschaften,#Gesundheitszentren
1,5.994257309788102,2,0,96,1
2,4.94491202425744,2,0,96,1
3,1.0553730126670189,2,0,96,1
4,1.0553730126670189,2,0,96,1
5,0,0,0,96,1
