Iteration,Loss,#OrtschaftenZuNah,#OrtschaftenNichtImGebiet,#Ortschaften,#Gesundheitszentren
1,4.3198231583198305,3,0,133,3
2,4.3198231583198305,3,0,133,3
3,4.3198231583198305,3,0,133,3
4,1.7688568513693959,2,0,133,3
5,1.7688568513693959,2,0,133,3
6,1.7688568513693959,2,0,133,3
7,1.7688568513693959,2,0,133,3
8,0,0,0,133,3
