Iteration,Loss,#OrtschaftenZuNah,#OrtschaftenNichtImGebiet,#Ortschaften,#Gesundheitszentren
1,3.7698260666229455,3,0,68,1
2,1.3608070500306475,2,0,68,1
3,0.8823822876657186,2,0,68,1
4,0.8823822876657186,2,0,68,1
5,0.3584921997839299,2,0,68,1
6,0,0,0,68,1
