Iteration,Loss,#OrtschaftenZuNah,#OrtschaftenNichtImGebiet,#Ortschaften,#Gesundheitszentren
1,8.053651469512971,3,0,35,0
2,5.498686613411321,2,0,35,0
3,1.776065031141517,2,0,35,0
4,1.1175963777112408,2,0,35,0
5,0.32862383295939424,2,0,35,0
6,0.09190722030817966,2,0,35,0
7,0.09190722030817966,2,0,35,0
8,0,0,0,35,0
