Iteration,Loss,#OrtschaftenZuNah,#OrtschaftenNichtImGebiet,#Ortschaften,#Gesundheitszentren
1,1.6976946990126685,2,0,49,1
2,1.6976946990126685,2,0,49,1
3,0.43301191197241096,2,0,49,1
4,0.43301191197241096,2,0,49,1
5,0,0,0,49,1
