Iteration,Loss,#OrtschaftenZuNah,#OrtschaftenNichtImGebiet,#Ortschaften,#Gesundheitszentren
1,1.8015304370624232,2,0,606,4
2,1.8015304370624232,2,0,606,4
3,1.8015304370624232,2,0,606,4
4,1.4905648632542778,3,0,606,4
5,1.4905648632542778,3,0,606,4
6,1.4905648632542778,3,0,606,4
7,1.4905648632542778,3,0,606,4
8,1.4905648632542778,3,0,606,4
9,1.4905648632542778,3,0,606,4
10,1.4905648632542778,3,0,606,4
11,1.4905648632542778,3,0,606,4
12,0.32831450420045094,2,0,606,4
13,0,0,0,606,4
