Iteration,Loss,#OrtschaftenZuNah,#OrtschaftenNichtImGebiet,#Ortschaften,#Gesundheitszentren
1,6.169190073141721,3,0,159,2
2,2.335076938348477,2,0,159,2
3,2.335076938348477,2,0,159,2
4,2.335076938348477,2,0,159,2
5,2.335076938348477,2,0,159,2
6,0,0,0,159,2
