Iteration,Loss,#OrtschaftenZuNah,#OrtschaftenNichtImGebiet,#Ortschaften,#Gesundheitszentren
1,0.18921534747642532,2,0,92,1
2,0.18921534747642532,2,0,92,1
3,0.18921534747642532,2,0,92,1
4,0.18921534747642532,2,0,92,1
5,0.18921534747642532,2,0,92,1
6,0.18921534747642532,2,0,92,1
7,0,0,0,92,1
