Iteration,Loss,#OrtschaftenZuNah,#OrtschaftenNichtImGebiet,#Ortschaften,#Gesundheitszentren
1,0.6468243036758992,2,0,130,1
2,0.6468243036758992,2,0,130,1
3,0.6468243036758992,2,0,130,1
4,0.6468243036758992,2,0,130,1
5,0.6468243036758992,2,0,130,1
6,0.5620524782658478,2,0,130,1
7,0,0,0,130,1
