Iteration,Loss,#OrtschaftenZuNah,#OrtschaftenNichtImGebiet,#Ortschaften,#Gesundheitszentren
1,5.620896370182109,4,0,94,1
2,5.620896370182109,4,0,94,1
3,5.620896370182109,4,0,94,1
4,1.8738776096877139,2,0,94,1
5,1.1662997095305734,2,0,94,1
6,1.1662997095305734,2,0,94,1
7,0,0,0,94,1
