Iteration,Loss,#OrtschaftenZuNah,#OrtschaftenNichtImGebiet,#Ortschaften,#Gesundheitszentren
1,0.3164418373795854,2,0,843,9
2,0.3164418373795854,2,0,843,9
3,0.3164418373795854,2,0,843,9
4,0.3164418373795854,2,0,843,9
5,0.3164418373795854,2,0,843,9
6,0.3164418373795854,2,0,843,9
7,0.3164418373795854,2,0,843,9
8,0.3164418373795854,2,0,843,9
9,0.3164418373795854,2,0,843,9
10,0.3164418373795854,2,0,843,9
