Iteration,Loss,#OrtschaftenZuNah,#OrtschaftenNichtImGebiet,#Ortschaften,#Gesundheitszentren
1,3.851637353431207,3,0,605,4
2,3.851637353431207,3,0,605,4
3,3.851637353431207,3,0,605,4
4,3.851637353431207,3,0,605,4
5,3.851637353431207,3,0,605,4
6,3.851637353431207,3,0,605,4
7,3.851637353431207,3,0,605,4
8,1.7253625134486263,2,0,605,4
9,1.7253625134486263,2,0,605,4
10,0,0,0,605,4
