Iteration,Loss,#OrtschaftenZuNah,#OrtschaftenNichtImGebiet,#Ortschaften,#Gesundheitszentren
1,0.1657354572377816,2,0,106,1
2,0.1657354572377816,2,0,106,1
3,0.1657354572377816,2,0,106,1
4,0.1657354572377816,2,0,106,1
5,0.1657354572377816,2,0,106,1
6,0,0,0,106,1
