Iteration,Loss,#OrtschaftenZuNah,#OrtschaftenNichtImGebiet,#Ortschaften,#Gesundheitszentren
1,0.9889574645649759,2,0,29,0
2,0.9889574645649759,2,0,29,0
3,0.9889574645649759,2,0,29,0
4,0.9889574645649759,2,0,29,0
5,0.9889574645649759,2,0,29,0
6,0.8889352994456488,2,0,29,0
7,0,0,0,29,0
