Iteration,Loss,#OrtschaftenZuNah,#OrtschaftenNichtImGebiet,#Ortschaften,#Gesundheitszentren
1,4.4708167786792385,4,0,115,2
2,4.4708167786792385,4,0,115,2
3,2.7229704850071954,5,0,115,2
4,0.6069245291345453,3,0,115,2
5,0,0,0,115,2
