Iteration,Loss,#OrtschaftenZuNah,#OrtschaftenNichtImGebiet,#Ortschaften,#Gesundheitszentren
1,3.3973219838392428,2,0,691,5
2,0.5162690803392298,2,0,691,5
3,0.5162690803392298,2,0,691,5
4,0,0,0,691,5
