Iteration,Loss,#OrtschaftenZuNah,#OrtschaftenNichtImGebiet,#Ortschaften,#Gesundheitszentren
1,1.0143248225198285,2,0,31,0
2,1.0143248225198285,2,0,31,0
3,1.0143248225198285,2,0,31,0
4,0,0,0,31,0
