Iteration,Loss,#OrtschaftenZuNah,#OrtschaftenNichtImGebiet,#Ortschaften,#Gesundheitszentren
1,3.861296261696001,4,0,164,0
2,2.461087831953762,3,0,164,0
3,2.461087831953762,3,0,164,0
4,1.9045246853223254,2,0,164,0
5,1.9045246853223254,2,0,164,0
6,0.297904903551796,2,0,164,0
7,0.297904903551796,2,0,164,0
8,0.297904903551796,2,0,164,0
9,0.297904903551796,2,0,164,0
10,0,0,0,164,0
