Iteration,Loss,#OrtschaftenZuNah,#OrtschaftenNichtImGebiet,#Ortschaften,#Gesundheitszentren
1,0.9409778547181347,2,0,92,1
2,0.9409778547181347,2,0,92,1
3,0.9409778547181347,2,0,92,1
4,0.9409778547181347,2,0,92,1
5,0.2370132803057139,2,0,92,1
6,0,0,0,92,1
