Iteration,Loss,#OrtschaftenZuNah,#OrtschaftenNichtImGebiet,#Ortschaften,#Gesundheitszentren
1,1.203939917744826,3,0,694,5
2,1.203939917744826,3,0,694,5
3,0.33379536818154776,2,0,694,5
4,0.33379536818154776,2,0,694,5
5,0.33379536818154776,2,0,694,5
6,0.026289704647950884,2,0,694,5
7,0.026289704647950884,2,0,694,5
8,0,0,0,694,5
