Iteration,Loss,#OrtschaftenZuNah,#OrtschaftenNichtImGebiet,#Ortschaften,#Gesundheitszentren
1,8.836909361262107,3,0,608,4
2,8.836909361262107,3,0,608,4
3,5.467055300159235,5,0,608,4
4,2.007254475720515,2,0,608,4
5,2.007254475720515,2,0,608,4
6,2.007254475720515,2,0,608,4
7,0.23962322509401446,2,0,608,4
8,0,0,0,608,4
