Iteration,Loss,#OrtschaftenZuNah,#OrtschaftenNichtImGebiet,#Ortschaften,#Gesundheitszentren
1,1.5231831367799966,2,0,74,1
2,1.5231831367799966,2,0,74,1
3,1.5231831367799966,2,0,74,1
4,0,0,0,74,1
