Iteration,Loss,#OrtschaftenZuNah,#OrtschaftenNichtImGebiet,#Ortschaften,#Gesundheitszentren
1,5.943599438366027,4,0,145,0
2,4.940468417331044,3,0,145,0
3,4.255764042133755,5,0,145,0
4,2.9515759093349914,3,0,145,0
5,2.234830854423759,2,0,145,0
6,0,0,0,145,0
