Iteration,Loss,#OrtschaftenZuNah,#OrtschaftenNichtImGebiet,#Ortschaften,#Gesundheitszentren
1,1.8696613111021616,2,0,576,4
2,1.8696613111021616,2,0,576,4
3,1.8696613111021616,2,0,576,4
4,1.8696613111021616,2,0,576,4
5,1.8696613111021616,2,0,576,4
6,0,0,0,576,4
