Iteration,Loss,#OrtschaftenZuNah,#OrtschaftenNichtImGebiet,#Ortschaften,#Gesundheitszentren
1,3.62306591092754,4,0,79,1
2,2.6374768188273388,4,0,79,1
3,0.8026224496529295,4,0,79,1
4,0.8026224496529295,4,0,79,1
5,0.8026224496529295,4,0,79,1
6,0.8026224496529295,4,0,79,1
7,0,0,0,79,1
