Iteration,Loss,#OrtschaftenZuNah,#OrtschaftenNichtImGebiet,#Ortschaften,#Gesundheitszentren
1,4.6800366154773965,3,0,54,1
2,4.6800366154773965,3,0,54,1
3,4.6800366154773965,3,0,54,1
4,4.6800366154773965,3,0,54,1
5,4.398065594672868,3,0,54,1
6,3.350207049366242,4,0,54,1
7,3.350207049366242,4,0,54,1
8,3.350207049366242,4,0,54,1
9,0.5869527881035115,2,0,54,1
10,0,0,0,54,1
