Iteration,Loss,#OrtschaftenZuNah,#OrtschaftenNichtImGebiet,#Ortschaften,#Gesundheitszentren
1,2.6195296928774603,2,0,63,1
2,2.430742849399172,3,0,63,1
3,1.1484445935316145,4,0,63,1
4,1.1484445935316145,4,0,63,1
5,1.1484445935316145,4,0,63,1
6,1.1484445935316145,4,0,63,1
7,1.1484445935316145,4,0,63,1
8,0,0,0,63,1
