Iteration,Loss,#OrtschaftenZuNah,#OrtschaftenNichtImGebiet,#Ortschaften,#Gesundheitszentren
1,6.335229619158745,6,0,108,1
2,6.335229619158745,6,0,108,1
3,6.335229619158745,6,0,108,1
4,6.335229619158745,6,0,108,1
5,6.335229619158745,6,0,108,1
6,6.335229619158745,6,0,108,1
7,6.335229619158745,6,0,108,1
8,6.335229619158745,6,0,108,1
9,6.335229619158745,6,0,108,1
10,6.335229619158745,6,0,108,1
11,6.335229619158745,6,0,108,1
