Iteration,Loss,#OrtschaftenZuNah,#OrtschaftenNichtImGebiet,#Ortschaften,#Gesundheitszentren
1,5.614928683059077,2,0,37,0
2,2.083454849294828,4,0,37,0
3,2.083454849294828,4,0,37,0
4,2.083454849294828,4,0,37,0
5,2.083454849294828,4,0,37,0
6,2.083454849294828,4,0,37,0
7,2.083454849294828,4,0,37,0
8,2.083454849294828,4,0,37,0
9,2.083454849294828,4,0,37,0
10,0.824531601602839,2,0,37,0
11,0,0,0,37,0
