Iteration,Loss,#OrtschaftenZuNah,#OrtschaftenNichtImGebiet,#Ortschaften,#Gesundheitszentren
1,5.606744488205628,4,0,62,1
2,5.606744488205628,4,0,62,1
3,2.826754121237279,4,0,62,1
4,0.42852689471012795,2,0,62,1
5,0.42852689471012795,2,0,62,1
6,0.42852689471012795,2,0,62,1
7,0,0,0,62,1
