Iteration,Loss,#OrtschaftenZuNah,#OrtschaftenNichtImGebiet,#Ortschaften,#Gesundheitszentren
1,2.751015448516206,4,0,70,1
2,2.5746106729628027,4,0,70,1
3,2.5746106729628027,4,0,70,1
4,0.9943469692824518,2,0,70,1
5,0,0,0,70,1
