Iteration,Loss,#OrtschaftenZuNah,#OrtschaftenNichtImGebiet,#Ortschaften,#Gesundheitszentren
1,2.825059226893167,4,0,130,3
2,2.825059226893167,4,0,130,3
3,2.825059226893167,4,0,130,3
4,2.825059226893167,4,0,130,3
5,2.825059226893167,4,0,130,3
6,2.825059226893167,4,0,130,3
7,2.825059226893167,4,0,130,3
8,2.825059226893167,4,0,130,3
9,2.825059226893167,4,0,130,3
10,2.825059226893167,4,0,130,3
11,2.825059226893167,4,0,130,3
