Iteration,Loss,#OrtschaftenZuNah,#OrtschaftenNichtImGebiet,#Ortschaften,#Gesundheitszentren
1,0.9789214398095236,2,0,148,2
2,0.9789214398095236,2,0,148,2
3,0.9789214398095236,2,0,148,2
4,0.9789214398095236,2,0,148,2
5,0.9789214398095236,2,0,148,2
6,0.9789214398095236,2,0,148,2
7,0.9789214398095236,2,0,148,2
8,0.9789214398095236,2,0,148,2
9,0.9789214398095236,2,0,148,2
10,0.597964216240662,2,0,148,2
11,0,0,0,148,2
