Iteration,Loss,#OrtschaftenZuNah,#OrtschaftenNichtImGebiet,#Ortschaften,#Gesundheitszentren
1,3.2461302264702905,4,0,85,1
2,3.2461302264702905,4,0,85,1
3,3.2461302264702905,4,0,85,1
4,3.2461302264702905,4,0,85,1
5,3.2461302264702905,4,0,85,1
6,3.2461302264702905,4,0,85,1
7,3.2461302264702905,4,0,85,1
8,3.2461302264702905,4,0,85,1
9,3.2461302264702905,4,0,85,1
10,3.2461302264702905,4,0,85,1
11,3.2461302264702905,4,0,85,1
