Iteration,Loss,#OrtschaftenZuNah,#OrtschaftenNichtImGebiet,#Ortschaften,#Gesundheitszentren
1,3.3413192175709945,3,0,599,4
2,3.3413192175709945,3,0,599,4
3,3.3413192175709945,3,0,599,4
4,0,0,0,599,4
