Iteration,Loss,#OrtschaftenZuNah,#OrtschaftenNichtImGebiet,#Ortschaften,#Gesundheitszentren
1,6.410204191558418,3,0,134,1
2,3.331590726563915,4,0,134,1
3,3.331590726563915,4,0,134,1
4,3.331590726563915,4,0,134,1
5,3.331590726563915,4,0,134,1
6,3.331590726563915,4,0,134,1
7,3.331590726563915,4,0,134,1
8,3.331590726563915,4,0,134,1
9,3.331590726563915,4,0,134,1
10,3.331590726563915,4,0,134,1
11,3.331590726563915,4,0,134,1
12,3.331590726563915,4,0,134,1
