Iteration,Loss,#OrtschaftenZuNah,#OrtschaftenNichtImGebiet,#Ortschaften,#Gesundheitszentren
1,0.3992981648798164,2,0,640,5
2,0.3992981648798164,2,0,640,5
3,0.3992981648798164,2,0,640,5
4,0.3992981648798164,2,0,640,5
5,0.3992981648798164,2,0,640,5
6,0.3992981648798164,2,0,640,5
7,0.3992981648798164,2,0,640,5
8,0,0,0,640,5
