Iteration,Loss,#OrtschaftenZuNah,#OrtschaftenNichtImGebiet,#Ortschaften,#Gesundheitszentren
1,11.983748059522428,5,0,32,0
2,7.3609427444744355,3,0,32,0
3,7.236892607275495,5,0,32,0
4,1.6662791737308993,2,0,32,0
5,0,0,0,32,0
