Iteration,Loss,#OrtschaftenZuNah,#OrtschaftenNichtImGebiet,#Ortschaften,#Gesundheitszentren
1,14.822597280571298,5,0,51,1
2,14.822597280571298,5,0,51,1
3,14.822597280571298,5,0,51,1
4,14.822597280571298,5,0,51,1
5,14.822597280571298,5,0,51,1
6,14.822597280571298,5,0,51,1
7,14.822597280571298,5,0,51,1
8,14.822597280571298,5,0,51,1
9,14.822597280571298,5,0,51,1
10,14.822597280571298,5,0,51,1
11,14.822597280571298,5,0,51,1
