Iteration,Loss,#OrtschaftenZuNah,#OrtschaftenNichtImGebiet,#Ortschaften,#Gesundheitszentren
1,6.983005314829628,4,0,27,0
2,6.983005314829628,4,0,27,0
3,3.791643565738827,2,0,27,0
4,1.4065404050380614,2,0,27,0
5,0.6750970304085229,2,0,27,0
6,0.6750970304085229,2,0,27,0
7,0,0,0,27,0
