Iteration,Loss,#OrtschaftenZuNah,#OrtschaftenNichtImGebiet,#Ortschaften,#Gesundheitszentren
1,2.097524568814219,4,0,808,8
2,2.097524568814219,4,0,808,8
3,2.097524568814219,4,0,808,8
4,1.0124033726485635,2,0,808,8
5,0,0,0,808,8
