Iteration,Loss,#OrtschaftenZuNah,#OrtschaftenNichtImGebiet,#Ortschaften,#Gesundheitszentren
1,4.0967334114237435,3,0,108,1
2,4.0967334114237435,3,0,108,1
3,3.9783016187397378,2,0,108,1
4,0,0,0,108,1
