Iteration,Loss,#OrtschaftenZuNah,#OrtschaftenNichtImGebiet,#Ortschaften,#Gesundheitszentren
1,1.9239293224317002,2,0,637,5
2,1.2871518389251868,2,0,637,5
3,1.2871518389251868,2,0,637,5
4,0,0,0,637,5
