Iteration,Loss,#OrtschaftenZuNah,#OrtschaftenNichtImGebiet,#Ortschaften,#Gesundheitszentren
1,10.38515272213527,6,0,180,0
2,10.38515272213527,6,0,180,0
3,10.38515272213527,6,0,180,0
4,10.38515272213527,6,0,180,0
5,10.38515272213527,6,0,180,0
6,10.38515272213527,6,0,180,0
7,10.38515272213527,6,0,180,0
8,7.103492733877111,9,0,180,0
9,5.364738398879446,7,0,180,0
10,4.74697146123513,5,0,180,0
11,3.7522630970874005,6,0,180,0
12,2.7495971378673865,2,0,180,0
13,0,0,0,180,0
