Iteration,Loss,#OrtschaftenZuNah,#OrtschaftenNichtImGebiet,#Ortschaften,#Gesundheitszentren
1,5.905109719570111,4,0,668,5
2,5.905109719570111,4,0,668,5
3,4.827241953140459,7,0,668,5
4,4.827241953140459,7,0,668,5
5,4.827241953140459,7,0,668,5
6,4.827241953140459,7,0,668,5
7,4.827241953140459,7,0,668,5
8,4.827241953140459,7,0,668,5
9,4.827241953140459,7,0,668,5
10,4.827241953140459,7,0,668,5
11,4.827241953140459,7,0,668,5
12,4.827241953140459,7,0,668,5
13,4.827241953140459,7,0,668,5
