Iteration,Loss,#OrtschaftenZuNah,#OrtschaftenNichtImGebiet,#Ortschaften,#Gesundheitszentren
1,4.290070336489297,4,0,157,1
2,4.290070336489297,4,0,157,1
3,4.290070336489297,4,0,157,1
4,4.290070336489297,4,0,157,1
5,1.880395013892226,2,0,157,1
6,1.3163783913805744,2,0,157,1
7,0,0,0,157,1
