Iteration,Loss,#OrtschaftenZuNah,#OrtschaftenNichtImGebiet,#Ortschaften,#Gesundheitszentren
1,4.029612361515699,3,0,24,0
2,2.1401272427779396,3,0,24,0
3,1.0430073059592502,2,0,24,0
4,1.0430073059592502,2,0,24,0
5,0.30420895166497175,2,0,24,0
6,0,0,0,24,0
