Iteration,Loss,#OrtschaftenZuNah,#OrtschaftenNichtImGebiet,#Ortschaften,#Gesundheitszentren
1,10.689320208944189,5,0,38,0
2,6.439524064294872,5,0,38,0
3,3.686191044677468,5,0,38,0
4,3.686191044677468,5,0,38,0
5,1.540532671758477,2,0,38,0
6,0,0,0,38,0
