Iteration,Loss,#OrtschaftenZuNah,#OrtschaftenNichtImGebiet,#Ortschaften,#Gesundheitszentren
1,0.5270695437634441,2,0,136,1
2,0.5270695437634441,2,0,136,1
3,0.3603570401200624,2,0,136,1
4,0,0,0,136,1
