Iteration,Loss,#OrtschaftenZuNah,#OrtschaftenNichtImGebiet,#Ortschaften,#Gesundheitszentren
1,4.668093543303534,4,0,45,0
2,4.286291806424172,2,0,45,0
3,4.286291806424172,2,0,45,0
4,0.3730684912847124,2,0,45,0
5,0,0,0,45,0
