Iteration,Loss,#OrtschaftenZuNah,#OrtschaftenNichtImGebiet,#Ortschaften,#Gesundheitszentren
1,2.7786898513877745,3,0,82,1
2,0.24258561665403455,2,0,82,1
3,0.24258561665403455,2,0,82,1
4,0.24258561665403455,2,0,82,1
5,0.24258561665403455,2,0,82,1
6,0.24258561665403455,2,0,82,1
7,0.24258561665403455,2,0,82,1
8,0.24258561665403455,2,0,82,1
9,0.24258561665403455,2,0,82,1
10,0.24258561665403455,2,0,82,1
11,0.24258561665403455,2,0,82,1
12,0.24258561665403455,2,0,82,1
