Iteration,Loss,#OrtschaftenZuNah,#OrtschaftenNichtImGebiet,#Ortschaften,#Gesundheitszentren
1,2.5926982980551445,3,0,90,1
2,0.6656128660146443,2,0,90,1
3,0.6478665381687385,2,0,90,1
4,0,0,0,90,1
