Iteration,Loss,#OrtschaftenZuNah,#OrtschaftenNichtImGebiet,#Ortschaften,#Gesundheitszentren
1,9.020304948791384,5,0,807,8
2,1.9307281773117406,2,0,807,8
3,0.08595747952992028,2,0,807,8
4,0.08595747952992028,2,0,807,8
5,0.08595747952992028,2,0,807,8
6,0,0,0,807,8
