Iteration,Loss,#OrtschaftenZuNah,#OrtschaftenNichtImGebiet,#Ortschaften,#Gesundheitszentren
1,5.164736581837542,5,0,153,1
2,4.9381649402914345,4,0,153,1
3,1.7035471959421944,2,0,153,1
4,1.7035471959421944,2,0,153,1
5,1.7035471959421944,2,0,153,1
6,1.7035471959421944,2,0,153,1
7,0.8190281255102114,2,0,153,1
8,0.8190281255102114,2,0,153,1
9,0.8190281255102114,2,0,153,1
10,0,0,0,153,1
