Iteration,Loss,#OrtschaftenZuNah,#OrtschaftenNichtImGebiet,#Ortschaften,#Gesundheitszentren
1,6.167314383260698,6,0,656,5
2,6.167314383260698,6,0,656,5
3,6.167314383260698,6,0,656,5
4,6.167314383260698,6,0,656,5
5,6.167314383260698,6,0,656,5
6,6.167314383260698,6,0,656,5
7,6.167314383260698,6,0,656,5
8,6.167314383260698,6,0,656,5
9,6.167314383260698,6,0,656,5
10,6.167314383260698,6,0,656,5
11,6.167314383260698,6,0,656,5
