Iteration,Loss,#OrtschaftenZuNah,#OrtschaftenNichtImGebiet,#Ortschaften,#Gesundheitszentren
1,9.007664057405156,3,0,29,0
2,1.5485621954081594,4,0,29,0
3,1.5485621954081594,4,0,29,0
4,1.5485621954081594,4,0,29,0
5,1.5485621954081594,4,0,29,0
6,0,0,0,29,0
