Iteration,Loss,#OrtschaftenZuNah,#OrtschaftenNichtImGebiet,#Ortschaften,#Gesundheitszentren
1,3.302800867207413,2,0,100,0
2,2.5790183332070775,4,0,100,0
3,0.08117013497974668,2,0,100,0
4,0.0340190828741207,2,0,100,0
5,0,0,0,100,0
