Iteration,Loss,#OrtschaftenZuNah,#OrtschaftenNichtImGebiet,#Ortschaften,#Gesundheitszentren
1,5.922464135593991,4,0,36,0
2,5.922464135593991,4,0,36,0
3,5.922464135593991,4,0,36,0
4,5.922464135593991,4,0,36,0
5,5.378426346540749,3,0,36,0
6,4.921694895669518,3,0,36,0
7,1.709605367355369,2,0,36,0
8,0.8700172706770282,2,0,36,0
9,0,0,0,36,0
