Iteration,Loss,#OrtschaftenZuNah,#OrtschaftenNichtImGebiet,#Ortschaften,#Gesundheitszentren
1,1.9363166947710724,3,0,61,1
2,1.9363166947710724,3,0,61,1
3,0.1603990408577296,2,0,61,1
4,0,0,0,61,1
