Iteration,Loss,#OrtschaftenZuNah,#OrtschaftenNichtImGebiet,#Ortschaften,#Gesundheitszentren
1,3.89929396699322,3,0,562,4
2,3.89929396699322,3,0,562,4
3,3.89929396699322,3,0,562,4
4,3.89929396699322,3,0,562,4
5,3.89929396699322,3,0,562,4
6,3.89929396699322,3,0,562,4
7,3.89929396699322,3,0,562,4
8,3.89929396699322,3,0,562,4
9,3.89929396699322,3,0,562,4
10,3.7145708406035354,2,0,562,4
11,0,0,0,562,4
