Iteration,Loss,#OrtschaftenZuNah,#OrtschaftenNichtImGebiet,#Ortschaften,#Gesundheitszentren
1,3.0497015216188554,3,0,123,1
2,1.6130705974532713,2,0,123,1
3,1.6130705974532713,2,0,123,1
4,1.6130705974532713,2,0,123,1
5,0.46244032509823363,2,0,123,1
6,0.46244032509823363,2,0,123,1
7,0.46244032509823363,2,0,123,1
8,0,0,0,123,1
