Iteration,Loss,#OrtschaftenZuNah,#OrtschaftenNichtImGebiet,#Ortschaften,#Gesundheitszentren
1,3.969920017599918,4,0,181,0
2,3.969920017599918,4,0,181,0
3,2.0992101902250155,2,0,181,0
4,0,0,0,181,0
