Iteration,Loss,#OrtschaftenZuNah,#OrtschaftenNichtImGebiet,#Ortschaften,#Gesundheitszentren
1,1.7820335575711912,3,0,85,1
2,1.7820335575711912,3,0,85,1
3,0.41963716088447534,3,0,85,1
4,0.41963716088447534,3,0,85,1
5,0.3432769049781168,2,0,85,1
6,0,0,0,85,1
