Iteration,Loss,#OrtschaftenZuNah,#OrtschaftenNichtImGebiet,#Ortschaften,#Gesundheitszentren
1,3.254691480488532,4,0,717,6
2,2.8152114795613628,3,0,717,6
3,2.8152114795613628,3,0,717,6
4,0,0,0,717,6
