Iteration,Loss,#OrtschaftenZuNah,#OrtschaftenNichtImGebiet,#Ortschaften,#Gesundheitszentren
1,4.056221605703874,2,0,839,9
2,3.3351764939126634,2,0,839,9
3,3.1219752563289713,3,0,839,9
4,3.1219752563289713,3,0,839,9
5,3.1219752563289713,3,0,839,9
6,3.1219752563289713,3,0,839,9
7,0.37961434992396903,2,0,839,9
8,0.37961434992396903,2,0,839,9
9,0.37961434992396903,2,0,839,9
10,0.37961434992396903,2,0,839,9
11,0.37961434992396903,2,0,839,9
12,0.37961434992396903,2,0,839,9
13,0,0,0,839,9
