Iteration,Loss,#OrtschaftenZuNah,#OrtschaftenNichtImGebiet,#Ortschaften,#Gesundheitszentren
1,2.507980776429619,4,0,672,5
2,0.538673271515373,2,0,672,5
3,0.538673271515373,2,0,672,5
4,0.538673271515373,2,0,672,5
5,0.4935452591403173,2,0,672,5
6,0.39910373106364183,2,0,672,5
7,0.39910373106364183,2,0,672,5
8,0.39910373106364183,2,0,672,5
9,0.39910373106364183,2,0,672,5
10,0.39910373106364183,2,0,672,5
11,0.39910373106364183,2,0,672,5
12,0,0,0,672,5
