Iteration,Loss,#OrtschaftenZuNah,#OrtschaftenNichtImGebiet,#Ortschaften,#Gesundheitszentren
1,6.690718038574982,4,0,700,5
2,6.690718038574982,4,0,700,5
3,6.690718038574982,4,0,700,5
4,6.690718038574982,4,0,700,5
5,3.2777008921791015,2,0,700,5
6,2.1750398442505734,2,0,700,5
7,2.1750398442505734,2,0,700,5
8,1.330414255429126,2,0,700,5
9,1.330414255429126,2,0,700,5
10,1.330414255429126,2,0,700,5
11,1.330414255429126,2,0,700,5
12,1.330414255429126,2,0,700,5
13,0,0,0,700,5
