Iteration,Loss,#OrtschaftenZuNah,#OrtschaftenNichtImGebiet,#Ortschaften,#Gesundheitszentren
1,3.8907266070698805,3,0,138,1
2,0.2119809513585711,2,0,138,1
3,0.2119809513585711,2,0,138,1
4,0.2119809513585711,2,0,138,1
5,0.2119809513585711,2,0,138,1
6,0.2119809513585711,2,0,138,1
7,0.2119809513585711,2,0,138,1
8,0.2119809513585711,2,0,138,1
9,0.2119809513585711,2,0,138,1
10,0.2119809513585711,2,0,138,1
11,0.03477128340099256,2,0,138,1
12,0.03477128340099256,2,0,138,1
13,0,0,0,138,1
