Iteration,Loss,#OrtschaftenZuNah,#OrtschaftenNichtImGebiet,#Ortschaften,#Gesundheitszentren
1,5.830274044422106,6,0,133,3
2,5.830274044422106,6,0,133,3
3,5.830274044422106,6,0,133,3
4,5.830274044422106,6,0,133,3
5,5.830274044422106,6,0,133,3
6,5.830274044422106,6,0,133,3
7,5.830274044422106,6,0,133,3
8,5.830274044422106,6,0,133,3
9,5.830274044422106,6,0,133,3
10,5.830274044422106,6,0,133,3
11,5.830274044422106,6,0,133,3
