Iteration,Loss,#OrtschaftenZuNah,#OrtschaftenNichtImGebiet,#Ortschaften,#Gesundheitszentren
1,3.534770869566813,3,0,158,0
2,2.091259943153485,4,0,158,0
3,2.091259943153485,4,0,158,0
4,1.7050393836063797,2,0,158,0
5,0,0,0,158,0
