Iteration,Loss,#OrtschaftenZuNah,#OrtschaftenNichtImGebiet,#Ortschaften,#Gesundheitszentren
1,13.040519948761952,3,0,128,2
2,11.190636201166143,4,0,128,2
3,6.073285424112723,4,0,128,2
4,1.1504443809662952,2,0,128,2
5,0,0,0,128,2
