Iteration,Loss,#OrtschaftenZuNah,#OrtschaftenNichtImGebiet,#Ortschaften,#Gesundheitszentren
1,3.3175048041554973,2,0,26,0
2,1.4301097353192382,2,0,26,0
3,1.4301097353192382,2,0,26,0
4,1.4301097353192382,2,0,26,0
5,0,0,0,26,0
