Iteration,Loss,#OrtschaftenZuNah,#OrtschaftenNichtImGebiet,#Ortschaften,#Gesundheitszentren
1,2.156071306982449,2,0,117,1
2,1.2249951814922309,2,0,117,1
3,1.2249951814922309,2,0,117,1
4,1.2249951814922309,2,0,117,1
5,0,0,0,117,1
