Iteration,Loss,#OrtschaftenZuNah,#OrtschaftenNichtImGebiet,#Ortschaften,#Gesundheitszentren
1,8.446649151333965,5,0,27,0
2,8.446649151333965,5,0,27,0
3,7.933917211104799,2,0,27,0
4,3.799629079496242,2,0,27,0
5,3.799629079496242,2,0,27,0
6,3.799629079496242,2,0,27,0
7,3.799629079496242,2,0,27,0
8,2.7593098029305025,2,0,27,0
9,0,0,0,27,0
