Iteration,Loss,#OrtschaftenZuNah,#OrtschaftenNichtImGebiet,#Ortschaften,#Gesundheitszentren
1,7.175498944733203,3,0,609,4
2,7.175498944733203,3,0,609,4
3,7.175498944733203,3,0,609,4
4,2.4410548687217464,4,0,609,4
5,2.4410548687217464,4,0,609,4
6,2.4410548687217464,4,0,609,4
7,2.4410548687217464,4,0,609,4
8,2.4410548687217464,4,0,609,4
9,2.4410548687217464,4,0,609,4
10,2.4410548687217464,4,0,609,4
11,2.4410548687217464,4,0,609,4
12,0,0,0,609,4
