Iteration,Loss,#OrtschaftenZuNah,#OrtschaftenNichtImGebiet,#Ortschaften,#Gesundheitszentren
1,3.6616770547267876,4,0,127,0
2,3.6616770547267876,4,0,127,0
3,3.6616770547267876,4,0,127,0
4,1.9799017561980712,4,0,127,0
5,1.9799017561980712,4,0,127,0
6,1.9799017561980712,4,0,127,0
7,1.9799017561980712,4,0,127,0
8,1.9799017561980712,4,0,127,0
9,1.9799017561980712,4,0,127,0
10,1.9799017561980712,4,0,127,0
11,1.1496286144924355,2,0,127,0
12,0,0,0,127,0
