Iteration,Loss,#OrtschaftenZuNah,#OrtschaftenNichtImGebiet,#Ortschaften,#Gesundheitszentren
1,1.4765036002185177,2,0,724,6
2,1.3992103406013587,2,0,724,6
3,1.3992103406013587,2,0,724,6
4,1.3992103406013587,2,0,724,6
5,0,0,0,724,6
