Iteration,Loss,#OrtschaftenZuNah,#OrtschaftenNichtImGebiet,#Ortschaften,#Gesundheitszentren
1,6.58779744778808,3,0,597,4
2,4.661344051119496,6,0,597,4
3,4.661344051119496,6,0,597,4
4,4.661344051119496,6,0,597,4
5,4.08471698254566,4,0,597,4
6,2.4994887538836146,3,0,597,4
7,2.4994887538836146,3,0,597,4
8,1.1559999177071312,3,0,597,4
9,1.1559999177071312,3,0,597,4
10,1.1559999177071312,3,0,597,4
11,1.1559999177071312,3,0,597,4
12,0,0,0,597,4
