Iteration,Loss,#OrtschaftenZuNah,#OrtschaftenNichtImGebiet,#Ortschaften,#Gesundheitszentren
1,8.815556367481031,3,0,97,1
2,8.815556367481031,3,0,97,1
3,5.256334740222627,4,0,97,1
4,0.2925526182174867,2,0,97,1
5,0,0,0,97,1
