Iteration,Loss,#OrtschaftenZuNah,#OrtschaftenNichtImGebiet,#Ortschaften,#Gesundheitszentren
1,5.57475008800299,3,0,643,5
2,4.603162709529902,5,0,643,5
3,4.603162709529902,5,0,643,5
4,4.603162709529902,5,0,643,5
5,4.603162709529902,5,0,643,5
6,4.603162709529902,5,0,643,5
7,3.7311375131001325,4,0,643,5
8,0,0,0,643,5
