Iteration,Loss,#OrtschaftenZuNah,#OrtschaftenNichtImGebiet,#Ortschaften,#Gesundheitszentren
1,9.031330484125021,4,0,48,0
2,6.778863100651382,4,0,48,0
3,6.778863100651382,4,0,48,0
4,6.778863100651382,4,0,48,0
5,5.893202804437452,4,0,48,0
6,5.893202804437452,4,0,48,0
7,5.377019422581263,2,0,48,0
8,0,0,0,48,0
