Iteration,Loss,#OrtschaftenZuNah,#OrtschaftenNichtImGebiet,#Ortschaften,#Gesundheitszentren
1,1.5400861504097616,4,0,558,4
2,1.5400861504097616,4,0,558,4
3,1.5400861504097616,4,0,558,4
4,1.5400861504097616,4,0,558,4
5,1.5400861504097616,4,0,558,4
6,1.5400861504097616,4,0,558,4
7,1.5400861504097616,4,0,558,4
8,1.5400861504097616,4,0,558,4
9,1.5400861504097616,4,0,558,4
10,1.5400861504097616,4,0,558,4
11,1.5400861504097616,4,0,558,4
