Iteration,Loss,#OrtschaftenZuNah,#OrtschaftenNichtImGebiet,#Ortschaften,#Gesundheitszentren
1,0.4136913402637319,2,0,34,0
2,0.4136913402637319,2,0,34,0
3,0.4136913402637319,2,0,34,0
4,0.24177514192028582,2,0,34,0
5,0.24177514192028582,2,0,34,0
6,0.1467180395385803,2,0,34,0
7,0,0,0,34,0
