Iteration,Loss,#OrtschaftenZuNah,#OrtschaftenNichtImGebiet,#Ortschaften,#Gesundheitszentren
1,5.56266490717646,7,0,148,1
2,5.56266490717646,7,0,148,1
3,5.56266490717646,7,0,148,1
4,5.56266490717646,7,0,148,1
5,5.56266490717646,7,0,148,1
6,5.56266490717646,7,0,148,1
7,5.56266490717646,7,0,148,1
8,5.56266490717646,7,0,148,1
9,5.56266490717646,7,0,148,1
10,5.56266490717646,7,0,148,1
11,5.56266490717646,7,0,148,1
