Iteration,Loss,#OrtschaftenZuNah,#OrtschaftenNichtImGebiet,#Ortschaften,#Gesundheitszentren
1,4.5716157712363685,3,0,150,1
2,2.7800575012167936,2,0,150,1
3,2.7800575012167936,2,0,150,1
4,2.7800575012167936,2,0,150,1
5,2.7800575012167936,2,0,150,1
6,0.30560579152826506,2,0,150,1
7,0.30560579152826506,2,0,150,1
8,0.30560579152826506,2,0,150,1
9,0.30560579152826506,2,0,150,1
10,0.30560579152826506,2,0,150,1
11,0,0,0,150,1
