Iteration,Loss,#OrtschaftenZuNah,#OrtschaftenNichtImGebiet,#Ortschaften,#Gesundheitszentren
1,14.762897413325438,4,0,46,0
2,8.870089480402122,4,0,46,0
3,5.559187903143982,3,0,46,0
4,5.559187903143982,3,0,46,0
5,5.559187903143982,3,0,46,0
6,4.590225167771965,6,0,46,0
7,4.590225167771965,6,0,46,0
8,4.590225167771965,6,0,46,0
9,4.590225167771965,6,0,46,0
10,4.590225167771965,6,0,46,0
11,4.3744027943004795,3,0,46,0
12,3.920597689119319,2,0,46,0
13,1.6448123285282286,2,0,46,0
14,0,0,0,46,0
