Iteration,Loss,#OrtschaftenZuNah,#OrtschaftenNichtImGebiet,#Ortschaften,#Gesundheitszentren
1,5.7726817559801376,6,0,134,0
2,5.7726817559801376,6,0,134,0
3,5.7726817559801376,6,0,134,0
4,5.7726817559801376,6,0,134,0
5,5.7726817559801376,6,0,134,0
6,2.4333466350123416,2,0,134,0
7,0,0,0,134,0
