Iteration,Loss,#OrtschaftenZuNah,#OrtschaftenNichtImGebiet,#Ortschaften,#Gesundheitszentren
1,1.8014299128175661,3,0,84,1
2,1.8014299128175661,3,0,84,1
3,1.8014299128175661,3,0,84,1
4,0.7000835592074957,3,0,84,1
5,0.7000835592074957,3,0,84,1
6,0,0,0,84,1
