Iteration,Loss,#OrtschaftenZuNah,#OrtschaftenNichtImGebiet,#Ortschaften,#Gesundheitszentren
1,2.089154140378116,2,0,543,4
2,2.089154140378116,2,0,543,4
3,1.9704587597756422,3,0,543,4
4,1.9704587597756422,3,0,543,4
5,0.2996056386766277,2,0,543,4
6,0,0,0,543,4
