Iteration,Loss,#OrtschaftenZuNah,#OrtschaftenNichtImGebiet,#Ortschaften,#Gesundheitszentren
1,2.157263973617937,3,0,99,1
2,2.157263973617937,3,0,99,1
3,1.9732987596847718,2,0,99,1
4,1.0668857303378694,2,0,99,1
5,0,0,0,99,1
