Iteration,Loss,#OrtschaftenZuNah,#OrtschaftenNichtImGebiet,#Ortschaften,#Gesundheitszentren
1,10.128212172331548,4,0,845,9
2,3.803758256859904,5,0,845,9
3,2.9664222378948253,5,0,845,9
4,2.9664222378948253,5,0,845,9
5,2.9664222378948253,5,0,845,9
6,2.9664222378948253,5,0,845,9
7,2.9664222378948253,5,0,845,9
8,2.9664222378948253,5,0,845,9
9,2.9664222378948253,5,0,845,9
10,2.9664222378948253,5,0,845,9
11,2.9664222378948253,5,0,845,9
12,2.9664222378948253,5,0,845,9
13,2.9664222378948253,5,0,845,9
