Iteration,Loss,#OrtschaftenZuNah,#OrtschaftenNichtImGebiet,#Ortschaften,#Gesundheitszentren
1,0.14422445002368356,2,0,105,1
2,0.14422445002368356,2,0,105,1
3,0.14422445002368356,2,0,105,1
4,0,0,0,105,1
