Iteration,Loss,#OrtschaftenZuNah,#OrtschaftenNichtImGebiet,#Ortschaften,#Gesundheitszentren
1,4.249096100528836,3,0,73,1
2,4.249096100528836,3,0,73,1
3,4.249096100528836,3,0,73,1
4,1.2746098781830018,2,0,73,1
5,1.2746098781830018,2,0,73,1
6,0,0,0,73,1
