Iteration,Loss,#OrtschaftenZuNah,#OrtschaftenNichtImGebiet,#Ortschaften,#Gesundheitszentren
1,0.4518086114419706,2,0,52,1
2,0.4518086114419706,2,0,52,1
3,0.4518086114419706,2,0,52,1
4,0.4518086114419706,2,0,52,1
5,0.4518086114419706,2,0,52,1
6,0.0718767001865146,2,0,52,1
7,0.0718767001865146,2,0,52,1
8,0.0718767001865146,2,0,52,1
9,0.0718767001865146,2,0,52,1
10,0,0,0,52,1
