Iteration,Loss,#OrtschaftenZuNah,#OrtschaftenNichtImGebiet,#Ortschaften,#Gesundheitszentren
1,3.6889546650761798,3,0,662,5
2,3.6889546650761798,3,0,662,5
3,3.6889546650761798,3,0,662,5
4,3.1508315250888,3,0,662,5
5,3.1508315250888,3,0,662,5
6,3.1508315250888,3,0,662,5
7,3.1508315250888,3,0,662,5
8,3.1508315250888,3,0,662,5
9,3.1508315250888,3,0,662,5
10,2.5315686604625025,3,0,662,5
11,2.5315686604625025,3,0,662,5
12,0,0,0,662,5
