Iteration,Loss,#OrtschaftenZuNah,#OrtschaftenNichtImGebiet,#Ortschaften,#Gesundheitszentren
1,3.2523308710251086,4,0,138,0
2,3.2523308710251086,4,0,138,0
3,3.2523308710251086,4,0,138,0
4,2.175362761909831,4,0,138,0
5,2.175362761909831,4,0,138,0
6,2.175362761909831,4,0,138,0
7,2.175362761909831,4,0,138,0
8,0,0,0,138,0
