Iteration,Loss,#OrtschaftenZuNah,#OrtschaftenNichtImGebiet,#Ortschaften,#Gesundheitszentren
1,20.070941929416676,4,0,64,1
2,17.85617731420712,6,0,64,1
3,10.526205671115076,7,0,64,1
4,10.526205671115076,7,0,64,1
5,10.526205671115076,7,0,64,1
6,10.526205671115076,7,0,64,1
7,10.526205671115076,7,0,64,1
8,10.526205671115076,7,0,64,1
9,10.526205671115076,7,0,64,1
10,10.526205671115076,7,0,64,1
11,10.526205671115076,7,0,64,1
12,10.526205671115076,7,0,64,1
13,10.526205671115076,7,0,64,1
