Iteration,Loss,#OrtschaftenZuNah,#OrtschaftenNichtImGebiet,#Ortschaften,#Gesundheitszentren
1,3.763165750248694,4,0,94,1
2,3.763165750248694,4,0,94,1
3,3.763165750248694,4,0,94,1
4,3.763165750248694,4,0,94,1
5,3.763165750248694,4,0,94,1
6,3.030639989008799,5,0,94,1
7,3.030639989008799,5,0,94,1
8,2.9426856615572863,3,0,94,1
9,2.9426856615572863,3,0,94,1
10,2.9426856615572863,3,0,94,1
11,0,0,0,94,1
