Iteration,Loss,#OrtschaftenZuNah,#OrtschaftenNichtImGebiet,#Ortschaften,#Gesundheitszentren
1,3.1514300611954367,3,0,123,1
2,3.1514300611954367,3,0,123,1
3,2.4495265610050785,2,0,123,1
4,2.3699312918557576,3,0,123,1
5,2.2242856072693833,3,0,123,1
6,0.27220381686620243,2,0,123,1
7,0.27220381686620243,2,0,123,1
8,0.27220381686620243,2,0,123,1
9,0,0,0,123,1
