Iteration,Loss,#OrtschaftenZuNah,#OrtschaftenNichtImGebiet,#Ortschaften,#Gesundheitszentren
1,6.513037612816419,2,0,129,1
2,6.0340457738051,4,0,129,1
3,6.0340457738051,4,0,129,1
4,6.0340457738051,4,0,129,1
5,6.0340457738051,4,0,129,1
6,6.0340457738051,4,0,129,1
7,6.0340457738051,4,0,129,1
8,5.735063392818766,4,0,129,1
9,5.735063392818766,4,0,129,1
10,4.808950671652956,3,0,129,1
11,3.0225926813229993,2,0,129,1
12,2.0003677382805822,2,0,129,1
13,0,0,0,129,1
