Iteration,Loss,#OrtschaftenZuNah,#OrtschaftenNichtImGebiet,#Ortschaften,#Gesundheitszentren
1,5.6027995798019585,7,0,731,6
2,5.6027995798019585,7,0,731,6
3,5.6027995798019585,7,0,731,6
4,5.6027995798019585,7,0,731,6
5,5.6027995798019585,7,0,731,6
6,5.6027995798019585,7,0,731,6
7,5.6027995798019585,7,0,731,6
8,5.6027995798019585,7,0,731,6
9,5.6027995798019585,7,0,731,6
10,5.6027995798019585,7,0,731,6
11,5.6027995798019585,7,0,731,6
