Iteration,Loss,#OrtschaftenZuNah,#OrtschaftenNichtImGebiet,#Ortschaften,#Gesundheitszentren
1,8.058722463449897,2,0,19,0
2,1.6676960396639267,3,0,19,0
3,1.6676960396639267,3,0,19,0
4,1.4880379122192195,4,0,19,0
5,1.4880379122192195,4,0,19,0
6,1.4880379122192195,4,0,19,0
7,1.4880379122192195,4,0,19,0
8,1.4880379122192195,4,0,19,0
9,1.4880379122192195,4,0,19,0
10,1.4880379122192195,4,0,19,0
11,1.4880379122192195,4,0,19,0
12,1.4880379122192195,4,0,19,0
13,0,0,0,19,0
