Iteration,Loss,#OrtschaftenZuNah,#OrtschaftenNichtImGebiet,#Ortschaften,#Gesundheitszentren
1,0.2541567753451641,2,0,670,5
2,0.2541567753451641,2,0,670,5
3,0.2541567753451641,2,0,670,5
4,0.2541567753451641,2,0,670,5
5,0.2541567753451641,2,0,670,5
6,0.2541567753451641,2,0,670,5
7,0.2541567753451641,2,0,670,5
8,0.2541567753451641,2,0,670,5
9,0.1562063774084912,2,0,670,5
10,0,0,0,670,5
