Iteration,Loss,#OrtschaftenZuNah,#OrtschaftenNichtImGebiet,#Ortschaften,#Gesundheitszentren
1,7.368976062012697,3,0,538,4
2,1.633851416859354,2,0,538,4
3,1.633851416859354,2,0,538,4
4,0,0,0,538,4
