Iteration,Loss,#OrtschaftenZuNah,#OrtschaftenNichtImGebiet,#Ortschaften,#Gesundheitszentren
1,6.044854381189914,4,0,621,4
2,1.9630896290292377,2,0,621,4
3,1.9630896290292377,2,0,621,4
4,0,0,0,621,4
