Iteration,Loss,#OrtschaftenZuNah,#OrtschaftenNichtImGebiet,#Ortschaften,#Gesundheitszentren
1,8.480717076863682,3,0,759,6
2,8.480717076863682,3,0,759,6
3,4.080165490790269,5,0,759,6
4,4.080165490790269,5,0,759,6
5,4.080165490790269,5,0,759,6
6,4.080165490790269,5,0,759,6
7,4.080165490790269,5,0,759,6
8,4.080165490790269,5,0,759,6
9,4.080165490790269,5,0,759,6
10,4.080165490790269,5,0,759,6
11,4.080165490790269,5,0,759,6
12,4.080165490790269,5,0,759,6
13,4.080165490790269,5,0,759,6
