Iteration,Loss,#OrtschaftenZuNah,#OrtschaftenNichtImGebiet,#Ortschaften,#Gesundheitszentren
1,3.4673580373634323,5,0,620,4
2,3.4673580373634323,5,0,620,4
3,3.4673580373634323,5,0,620,4
4,3.4673580373634323,5,0,620,4
5,3.4673580373634323,5,0,620,4
6,3.4673580373634323,5,0,620,4
7,3.4673580373634323,5,0,620,4
8,3.4673580373634323,5,0,620,4
9,3.4673580373634323,5,0,620,4
10,3.4673580373634323,5,0,620,4
11,3.4673580373634323,5,0,620,4
