Iteration,Loss,#OrtschaftenZuNah,#OrtschaftenNichtImGebiet,#Ortschaften,#Gesundheitszentren
1,5.865776760362162,3,0,90,1
2,2.0229171300329796,3,0,90,1
3,2.0229171300329796,3,0,90,1
4,2.0229171300329796,3,0,90,1
5,0,0,0,90,1
