Iteration,Loss,#OrtschaftenZuNah,#OrtschaftenNichtImGebiet,#Ortschaften,#Gesundheitszentren
1,6.2185830601642635,2,0,32,0
2,2.3215083560195104,2,0,32,0
3,2.3215083560195104,2,0,32,0
4,2.3215083560195104,2,0,32,0
5,1.978893601399406,2,0,32,0
6,1.978893601399406,2,0,32,0
7,1.8340587297982616,2,0,32,0
8,0,0,0,32,0
