Iteration,Loss,#OrtschaftenZuNah,#OrtschaftenNichtImGebiet,#Ortschaften,#Gesundheitszentren
1,8.19406871426893,6,0,189,0
2,8.19406871426893,6,0,189,0
3,8.19406871426893,6,0,189,0
4,3.790165005629266,4,0,189,0
5,1.2048749110872734,2,0,189,0
6,0,0,0,189,0
