Iteration,Loss,#OrtschaftenZuNah,#OrtschaftenNichtImGebiet,#Ortschaften,#Gesundheitszentren
1,2.740494094502516,4,0,177,0
2,2.740494094502516,4,0,177,0
3,1.8122193513201026,4,0,177,0
4,0.8663768339589346,2,0,177,0
5,0,0,0,177,0
