Iteration,Loss,#OrtschaftenZuNah,#OrtschaftenNichtImGebiet,#Ortschaften,#Gesundheitszentren
1,2.6097776227545246,3,0,690,5
2,2.407692154443785,2,0,690,5
3,1.5165679454744438,2,0,690,5
4,0.9955173111980766,2,0,690,5
5,0.9955173111980766,2,0,690,5
6,0.9955173111980766,2,0,690,5
7,0.9955173111980766,2,0,690,5
8,0,0,0,690,5
