Iteration,Loss,#OrtschaftenZuNah,#OrtschaftenNichtImGebiet,#Ortschaften,#Gesundheitszentren
1,8.576909181077625,3,0,745,6
2,8.576909181077625,3,0,745,6
3,6.225720573687051,5,0,745,6
4,6.225720573687051,5,0,745,6
5,6.225720573687051,5,0,745,6
6,6.225720573687051,5,0,745,6
7,6.225720573687051,5,0,745,6
8,6.225720573687051,5,0,745,6
9,6.225720573687051,5,0,745,6
10,6.225720573687051,5,0,745,6
11,6.225720573687051,5,0,745,6
12,6.225720573687051,5,0,745,6
13,6.225720573687051,5,0,745,6
