Iteration,Loss,#OrtschaftenZuNah,#OrtschaftenNichtImGebiet,#Ortschaften,#Gesundheitszentren
1,3.4892216773138482,2,0,93,1
2,1.4804751388747377,2,0,93,1
3,1.4804751388747377,2,0,93,1
4,0,0,0,93,1
