Iteration,Loss,#OrtschaftenZuNah,#OrtschaftenNichtImGebiet,#Ortschaften,#Gesundheitszentren
1,1.4863462494934083,2,0,536,4
2,0.24447708382305322,2,0,536,4
3,0.24447708382305322,2,0,536,4
4,0.24447708382305322,2,0,536,4
5,0.24447708382305322,2,0,536,4
6,0,0,0,536,4
