Iteration,Loss,#OrtschaftenZuNah,#OrtschaftenNichtImGebiet,#Ortschaften,#Gesundheitszentren
1,1.3738738320342563,5,0,786,7
2,1.3738738320342563,5,0,786,7
3,1.3738738320342563,5,0,786,7
4,0,0,0,786,7
