Iteration,Loss,#OrtschaftenZuNah,#OrtschaftenNichtImGebiet,#Ortschaften,#Gesundheitszentren
1,2.3244202565565812,2,0,76,1
2,2.3244202565565812,2,0,76,1
3,0.5488824864260398,3,0,76,1
4,0.5488824864260398,3,0,76,1
5,0.06503437035630633,2,0,76,1
6,0.06503437035630633,2,0,76,1
7,0,0,0,76,1
