Iteration,Loss,#OrtschaftenZuNah,#OrtschaftenNichtImGebiet,#Ortschaften,#Gesundheitszentren
1,0.2944400555045714,2,0,100,1
2,0.2944400555045714,2,0,100,1
3,0.2944400555045714,2,0,100,1
4,0.2944400555045714,2,0,100,1
5,0.2944400555045714,2,0,100,1
6,0.12870269632497866,2,0,100,1
7,0.12870269632497866,2,0,100,1
8,0.12870269632497866,2,0,100,1
9,0,0,0,100,1
