Iteration,Loss,#OrtschaftenZuNah,#OrtschaftenNichtImGebiet,#Ortschaften,#Gesundheitszentren
1,1.6713634804269724,2,0,77,1
2,1.6713634804269724,2,0,77,1
3,0.10279848228559985,2,0,77,1
4,0,0,0,77,1
