Iteration,Loss,#OrtschaftenZuNah,#OrtschaftenNichtImGebiet,#Ortschaften,#Gesundheitszentren
1,0.5414482849187436,2,0,63,1
2,0.5414482849187436,2,0,63,1
3,0.5414482849187436,2,0,63,1
4,0.5414482849187436,2,0,63,1
5,0.4279525278653402,2,0,63,1
6,0.4279525278653402,2,0,63,1
7,0.4279525278653402,2,0,63,1
8,0.39101913869201255,2,0,63,1
9,0,0,0,63,1
