Iteration,Loss,#OrtschaftenZuNah,#OrtschaftenNichtImGebiet,#Ortschaften,#Gesundheitszentren
1,5.246895946406721,3,0,151,3
2,3.915297261719318,2,0,151,3
3,3.915297261719318,2,0,151,3
4,3.915297261719318,2,0,151,3
5,0,0,0,151,3
