Iteration,Loss,#OrtschaftenZuNah,#OrtschaftenNichtImGebiet,#Ortschaften,#Gesundheitszentren
1,5.799309887771377,3,0,149,0
2,0.6761494790786955,4,0,149,0
3,0.6761494790786955,4,0,149,0
4,0.6761494790786955,4,0,149,0
5,0.6761494790786955,4,0,149,0
6,0.6761494790786955,4,0,149,0
7,0.6761494790786955,4,0,149,0
8,0.6761494790786955,4,0,149,0
9,0.6761494790786955,4,0,149,0
10,0.26362301957066947,2,0,149,0
11,0,0,0,149,0
