Iteration,Loss,#OrtschaftenZuNah,#OrtschaftenNichtImGebiet,#Ortschaften,#Gesundheitszentren
1,0.2750135622643928,4,0,734,6
2,0.2750135622643928,4,0,734,6
3,0.2750135622643928,4,0,734,6
4,0.2750135622643928,4,0,734,6
5,0.2750135622643928,4,0,734,6
6,0,0,0,734,6
