Iteration,Loss,#OrtschaftenZuNah,#OrtschaftenNichtImGebiet,#Ortschaften,#Gesundheitszentren
1,3.5398458287036654,4,0,37,0
2,0.5399241859606896,2,0,37,0
3,0.5399241859606896,2,0,37,0
4,0.5399241859606896,2,0,37,0
5,0.5399241859606896,2,0,37,0
6,0.5399241859606896,2,0,37,0
7,0,0,0,37,0
