Iteration,Loss,#OrtschaftenZuNah,#OrtschaftenNichtImGebiet,#Ortschaften,#Gesundheitszentren
1,1.6947560889257094,2,0,95,1
2,1.6947560889257094,2,0,95,1
3,1.6947560889257094,2,0,95,1
4,0,0,0,95,1
