Iteration,Loss,#OrtschaftenZuNah,#OrtschaftenNichtImGebiet,#Ortschaften,#Gesundheitszentren
1,2.1494767987957104,3,0,56,1
2,1.895944508741536,3,0,56,1
3,1.895944508741536,3,0,56,1
4,1.895944508741536,3,0,56,1
5,0,0,0,56,1
