Iteration,Loss,#OrtschaftenZuNah,#OrtschaftenNichtImGebiet,#Ortschaften,#Gesundheitszentren
1,4.7321468293605715,4,0,616,4
2,4.165018100984637,2,0,616,4
3,1.1449688906082383,2,0,616,4
4,1.1449688906082383,2,0,616,4
5,1.1449688906082383,2,0,616,4
6,1.1449688906082383,2,0,616,4
7,1.1449688906082383,2,0,616,4
8,1.1449688906082383,2,0,616,4
9,0,0,0,616,4
