Iteration,Loss,#OrtschaftenZuNah,#OrtschaftenNichtImGebiet,#Ortschaften,#Gesundheitszentren
1,2.664262406454828,2,0,80,1
2,0.8901603678905818,2,0,80,1
3,0.8901603678905818,2,0,80,1
4,0.1061601295080532,2,0,80,1
5,0.1061601295080532,2,0,80,1
6,0.1061601295080532,2,0,80,1
7,0.1061601295080532,2,0,80,1
8,0.1061601295080532,2,0,80,1
9,0.1061601295080532,2,0,80,1
10,0.1061601295080532,2,0,80,1
11,0.1061601295080532,2,0,80,1
12,0,0,0,80,1
