Iteration,Loss,#OrtschaftenZuNah,#OrtschaftenNichtImGebiet,#Ortschaften,#Gesundheitszentren
1,10.723185691860424,5,0,685,5
2,10.435684465022943,4,0,685,5
3,4.8585063496295255,4,0,685,5
4,4.8585063496295255,4,0,685,5
5,0,0,0,685,5
