Iteration,Loss,#OrtschaftenZuNah,#OrtschaftenNichtImGebiet,#Ortschaften,#Gesundheitszentren
1,7.759585403797627,3,0,835,8
2,7.759585403797627,3,0,835,8
3,7.567459892637127,6,0,835,8
4,7.567459892637127,6,0,835,8
5,7.567459892637127,6,0,835,8
6,7.567459892637127,6,0,835,8
7,7.567459892637127,6,0,835,8
8,7.567459892637127,6,0,835,8
9,7.567459892637127,6,0,835,8
10,7.567459892637127,6,0,835,8
11,7.567459892637127,6,0,835,8
12,7.567459892637127,6,0,835,8
13,7.567459892637127,6,0,835,8
