Iteration,Loss,#OrtschaftenZuNah,#OrtschaftenNichtImGebiet,#Ortschaften,#Gesundheitszentren
1,0.9316893366065706,2,0,110,1
2,0.9316893366065706,2,0,110,1
3,0.7851052705912274,2,0,110,1
4,0,0,0,110,1
