Iteration,Loss,#OrtschaftenZuNah,#OrtschaftenNichtImGebiet,#Ortschaften,#Gesundheitszentren
1,3.213946809486032,3,0,122,2
2,3.213946809486032,3,0,122,2
3,3.213946809486032,3,0,122,2
4,3.213946809486032,3,0,122,2
5,3.213946809486032,3,0,122,2
6,3.213946809486032,3,0,122,2
7,2.0349509412892006,2,0,122,2
8,0,0,0,122,2
