Iteration,Loss,#OrtschaftenZuNah,#OrtschaftenNichtImGebiet,#Ortschaften,#Gesundheitszentren
1,6.410813015252195,3,0,26,0
2,1.6777225464051995,3,0,26,0
3,1.6502652993971942,4,0,26,0
4,1.6502652993971942,4,0,26,0
5,0.5766799997086594,2,0,26,0
6,0,0,0,26,0
