Iteration,Loss,#OrtschaftenZuNah,#OrtschaftenNichtImGebiet,#Ortschaften,#Gesundheitszentren
1,7.566443576935724,3,0,100,1
2,7.566443576935724,3,0,100,1
3,7.566443576935724,3,0,100,1
4,7.566443576935724,3,0,100,1
5,6.952743662019193,4,0,100,1
6,2.6466977126241824,2,0,100,1
7,0.19338913734921626,2,0,100,1
8,0.19338913734921626,2,0,100,1
9,0.13483091423010052,2,0,100,1
10,0.13483091423010052,2,0,100,1
11,0.13483091423010052,2,0,100,1
12,0,0,0,100,1
