Iteration,Loss,#OrtschaftenZuNah,#OrtschaftenNichtImGebiet,#Ortschaften,#Gesundheitszentren
1,5.956690254720749,3,0,172,0
2,5.956690254720749,3,0,172,0
3,5.956690254720749,3,0,172,0
4,5.79986082663758,3,0,172,0
5,2.7267132601793875,3,0,172,0
6,2.7267132601793875,3,0,172,0
7,2.6297777190736262,4,0,172,0
8,0,0,0,172,0
