Iteration,Loss,#OrtschaftenZuNah,#OrtschaftenNichtImGebiet,#Ortschaften,#Gesundheitszentren
1,2.1712432368772987,5,0,799,7
2,2.1712432368772987,5,0,799,7
3,2.1712432368772987,5,0,799,7
4,2.1712432368772987,5,0,799,7
5,2.1712432368772987,5,0,799,7
6,2.1712432368772987,5,0,799,7
7,2.1712432368772987,5,0,799,7
8,2.1712432368772987,5,0,799,7
9,2.1712432368772987,5,0,799,7
10,2.1712432368772987,5,0,799,7
11,2.1712432368772987,5,0,799,7
