Iteration,Loss,#OrtschaftenZuNah,#OrtschaftenNichtImGebiet,#Ortschaften,#Gesundheitszentren
1,5.006252353142381,3,0,102,1
2,4.289459932388719,4,0,102,1
3,4.289459932388719,4,0,102,1
4,4.289459932388719,4,0,102,1
5,4.289459932388719,4,0,102,1
6,4.289459932388719,4,0,102,1
7,4.289459932388719,4,0,102,1
8,4.289459932388719,4,0,102,1
9,2.2119734883243813,2,0,102,1
10,0,0,0,102,1
