Iteration,Loss,#OrtschaftenZuNah,#OrtschaftenNichtImGebiet,#Ortschaften,#Gesundheitszentren
1,2.1820277712527627,3,0,115,1
2,1.2728819421266842,2,0,115,1
3,0.060264434704754066,2,0,115,1
4,0.060264434704754066,2,0,115,1
5,0,0,0,115,1
