Iteration,Loss,#OrtschaftenZuNah,#OrtschaftenNichtImGebiet,#Ortschaften,#Gesundheitszentren
1,6.2086206771147605,4,0,716,6
2,6.2086206771147605,4,0,716,6
3,3.6947110985271703,3,0,716,6
4,2.077740016906091,4,0,716,6
5,2.077740016906091,4,0,716,6
6,2.077740016906091,4,0,716,6
7,2.077740016906091,4,0,716,6
8,2.077740016906091,4,0,716,6
9,2.077740016906091,4,0,716,6
10,1.9741962656752197,3,0,716,6
11,0.12085469281987038,2,0,716,6
12,0.12085469281987038,2,0,716,6
13,0,0,0,716,6
