Iteration,Loss,#OrtschaftenZuNah,#OrtschaftenNichtImGebiet,#Ortschaften,#Gesundheitszentren
1,5.315800757194548,5,0,772,7
2,5.315800757194548,5,0,772,7
3,5.315800757194548,5,0,772,7
4,5.315800757194548,5,0,772,7
5,5.315800757194548,5,0,772,7
6,5.315800757194548,5,0,772,7
7,5.315800757194548,5,0,772,7
8,5.315800757194548,5,0,772,7
9,5.315800757194548,5,0,772,7
10,5.315800757194548,5,0,772,7
