Iteration,Loss,#OrtschaftenZuNah,#OrtschaftenNichtImGebiet,#Ortschaften,#Gesundheitszentren
1,1.4599398803968349,3,0,676,5
2,1.4599398803968349,3,0,676,5
3,1.4599398803968349,3,0,676,5
4,1.0582628831741179,3,0,676,5
5,1.0582628831741179,3,0,676,5
6,1.0582628831741179,3,0,676,5
7,0,0,0,676,5
