Iteration,Loss,#OrtschaftenZuNah,#OrtschaftenNichtImGebiet,#Ortschaften,#Gesundheitszentren
1,7.578793378143537,4,0,714,6
2,7.578793378143537,4,0,714,6
3,6.055073200207287,4,0,714,6
4,1.338615151757704,2,0,714,6
5,0,0,0,714,6
