Iteration,Loss,#OrtschaftenZuNah,#OrtschaftenNichtImGebiet,#Ortschaften,#Gesundheitszentren
1,0.44641924683482515,4,0,146,1
2,0.44641924683482515,4,0,146,1
3,0.44641924683482515,4,0,146,1
4,0.44641924683482515,4,0,146,1
5,0,0,0,146,1
