Iteration,Loss,#OrtschaftenZuNah,#OrtschaftenNichtImGebiet,#Ortschaften,#Gesundheitszentren
1,13.673673354464665,3,0,809,8
2,13.109590789123335,5,0,809,8
3,13.109590789123335,5,0,809,8
4,11.69927235789095,8,0,809,8
5,9.802668029144378,7,0,809,8
6,8.420903076537726,5,0,809,8
7,0,0,0,809,8
