Iteration,Loss,#OrtschaftenZuNah,#OrtschaftenNichtImGebiet,#Ortschaften,#Gesundheitszentren
1,2.8222653672579643,2,0,614,4
2,0.19637550018377858,2,0,614,4
3,0.19637550018377858,2,0,614,4
4,0.19637550018377858,2,0,614,4
5,0.19637550018377858,2,0,614,4
6,0.19637550018377858,2,0,614,4
7,0.19637550018377858,2,0,614,4
8,0.19637550018377858,2,0,614,4
9,0.19637550018377858,2,0,614,4
10,0.19637550018377858,2,0,614,4
11,0,0,0,614,4
