Iteration,Loss,#OrtschaftenZuNah,#OrtschaftenNichtImGebiet,#Ortschaften,#Gesundheitszentren
1,5.239864630547675,4,0,554,4
2,3.116941798196917,5,0,554,4
3,3.116941798196917,5,0,554,4
4,3.116941798196917,5,0,554,4
5,3.116941798196917,5,0,554,4
6,3.116941798196917,5,0,554,4
7,3.116941798196917,5,0,554,4
8,3.116941798196917,5,0,554,4
9,3.116941798196917,5,0,554,4
10,3.116941798196917,5,0,554,4
11,3.116941798196917,5,0,554,4
12,3.116941798196917,5,0,554,4
