Iteration,Loss,#OrtschaftenZuNah,#OrtschaftenNichtImGebiet,#Ortschaften,#Gesundheitszentren
1,1.8147385468926451,2,0,65,1
2,1.2999433000443474,4,0,65,1
3,0.9133741284366561,2,0,65,1
4,0.2598183603888877,2,0,65,1
5,0,0,0,65,1
