Iteration,Loss,#OrtschaftenZuNah,#OrtschaftenNichtImGebiet,#Ortschaften,#Gesundheitszentren
1,9.7251810404261,5,0,59,1
2,9.410421268286822,4,0,59,1
3,2.4866778289058153,4,0,59,1
4,0.39097073152868766,2,0,59,1
5,0.01095015410946587,2,0,59,1
6,0,0,0,59,1
