Iteration,Loss,#OrtschaftenZuNah,#OrtschaftenNichtImGebiet,#Ortschaften,#Gesundheitszentren
1,2.945311012125944,4,0,645,5
2,2.945311012125944,4,0,645,5
3,2.5741364681940393,4,0,645,5
4,2.5741364681940393,4,0,645,5
5,2.5741364681940393,4,0,645,5
6,2.3493928026813338,2,0,645,5
7,0,0,0,645,5
