Iteration,Loss,#OrtschaftenZuNah,#OrtschaftenNichtImGebiet,#Ortschaften,#Gesundheitszentren
1,0.8523643441207795,3,0,131,1
2,0.8523643441207795,3,0,131,1
3,0.8523643441207795,3,0,131,1
4,0,0,0,131,1
