Iteration,Loss,#OrtschaftenZuNah,#OrtschaftenNichtImGebiet,#Ortschaften,#Gesundheitszentren
1,7.89190771530923,2,0,542,4
2,5.118894162943391,3,0,542,4
3,5.118894162943391,3,0,542,4
4,5.118894162943391,3,0,542,4
5,4.658408556254319,2,0,542,4
6,1.5515940377242963,2,0,542,4
7,1.5515940377242963,2,0,542,4
8,1.5515940377242963,2,0,542,4
9,0,0,0,542,4
