Iteration,Loss,#OrtschaftenZuNah,#OrtschaftenNichtImGebiet,#Ortschaften,#Gesundheitszentren
1,3.3688462287795895,2,0,841,9
2,2.4450060371889837,5,0,841,9
3,2.4450060371889837,5,0,841,9
4,2.4450060371889837,5,0,841,9
5,2.4450060371889837,5,0,841,9
6,2.4450060371889837,5,0,841,9
7,2.4450060371889837,5,0,841,9
8,2.4450060371889837,5,0,841,9
9,2.4450060371889837,5,0,841,9
10,2.4450060371889837,5,0,841,9
11,2.4450060371889837,5,0,841,9
12,2.4450060371889837,5,0,841,9
