Iteration,Loss,#OrtschaftenZuNah,#OrtschaftenNichtImGebiet,#Ortschaften,#Gesundheitszentren
1,13.636479482273701,4,0,677,5
2,12.135744127481491,4,0,677,5
3,2.2959042946633446,4,0,677,5
4,1.9423918712005648,4,0,677,5
5,1.9423918712005648,4,0,677,5
6,1.9423918712005648,4,0,677,5
7,1.9423918712005648,4,0,677,5
8,1.9423918712005648,4,0,677,5
9,1.9423918712005648,4,0,677,5
10,1.2294475031211682,2,0,677,5
11,0,0,0,677,5
