Iteration,Loss,#OrtschaftenZuNah,#OrtschaftenNichtImGebiet,#Ortschaften,#Gesundheitszentren
1,5.912602396243403,4,0,77,1
2,5.413046308915173,4,0,77,1
3,5.413046308915173,4,0,77,1
4,5.40153420681998,2,0,77,1
5,2.168481109890095,3,0,77,1
6,2.168481109890095,3,0,77,1
7,2.168481109890095,3,0,77,1
8,2.168481109890095,3,0,77,1
9,2.168481109890095,3,0,77,1
10,2.168481109890095,3,0,77,1
11,2.168481109890095,3,0,77,1
12,0.8444105348632895,2,0,77,1
13,0,0,0,77,1
