Iteration,Loss,#OrtschaftenZuNah,#OrtschaftenNichtImGebiet,#Ortschaften,#Gesundheitszentren
1,9.143294597486355,7,0,559,4
2,9.143294597486355,7,0,559,4
3,6.473520180988794,4,0,559,4
4,4.9443483958318115,2,0,559,4
5,0.44392552697955345,2,0,559,4
6,0.2618028929403611,2,0,559,4
7,0.20922445928898625,2,0,559,4
8,0.20922445928898625,2,0,559,4
9,0.20922445928898625,2,0,559,4
10,0.20922445928898625,2,0,559,4
11,0.20922445928898625,2,0,559,4
12,0.20922445928898625,2,0,559,4
13,0,0,0,559,4
