Iteration,Loss,#OrtschaftenZuNah,#OrtschaftenNichtImGebiet,#Ortschaften,#Gesundheitszentren
1,7.184423338685002,4,0,118,1
2,1.3407898249627177,2,0,118,1
3,0.5527030433606797,2,0,118,1
4,0.5527030433606797,2,0,118,1
5,0.5527030433606797,2,0,118,1
6,0.5527030433606797,2,0,118,1
7,0.5481596192693665,2,0,118,1
8,0.5481596192693665,2,0,118,1
9,0,0,0,118,1
