Iteration,Loss,#OrtschaftenZuNah,#OrtschaftenNichtImGebiet,#Ortschaften,#Gesundheitszentren
1,7.601045859385618,3,0,619,4
2,6.353528901835617,3,0,619,4
3,6.353528901835617,3,0,619,4
4,3.4448602701150097,3,0,619,4
5,3.4448602701150097,3,0,619,4
6,3.4448602701150097,3,0,619,4
7,3.4448602701150097,3,0,619,4
8,2.8613066189851217,3,0,619,4
9,2.8613066189851217,3,0,619,4
10,2.8613066189851217,3,0,619,4
11,0,0,0,619,4
