Iteration,Loss,#OrtschaftenZuNah,#OrtschaftenNichtImGebiet,#Ortschaften,#Gesundheitszentren
1,4.233588549104919,4,0,163,2
2,4.233588549104919,4,0,163,2
3,4.233588549104919,4,0,163,2
4,4.233588549104919,4,0,163,2
5,4.233588549104919,4,0,163,2
6,4.233588549104919,4,0,163,2
7,4.233588549104919,4,0,163,2
8,4.233588549104919,4,0,163,2
9,4.233588549104919,4,0,163,2
10,4.233588549104919,4,0,163,2
