Iteration,Loss,#OrtschaftenZuNah,#OrtschaftenNichtImGebiet,#Ortschaften,#Gesundheitszentren
1,0.8646129627436618,4,0,156,1
2,0.8646129627436618,4,0,156,1
3,0.8646129627436618,4,0,156,1
4,0.8646129627436618,4,0,156,1
5,0.8646129627436618,4,0,156,1
6,0.8646129627436618,4,0,156,1
7,0.8646129627436618,4,0,156,1
8,0,0,0,156,1
