Iteration,Loss,#OrtschaftenZuNah,#OrtschaftenNichtImGebiet,#Ortschaften,#Gesundheitszentren
1,8.15200781703271,3,0,176,0
2,4.092898178671277,5,0,176,0
3,2.613648315213169,7,0,176,0
4,1.6509251194389236,4,0,176,0
5,1.6509251194389236,4,0,176,0
6,0,0,0,176,0
