Iteration,Loss,#OrtschaftenZuNah,#OrtschaftenNichtImGebiet,#Ortschaften,#Gesundheitszentren
1,2.439183299818078,3,0,51,1
2,2.439183299818078,3,0,51,1
3,2.4340410047376686,2,0,51,1
4,0.0745598644101868,2,0,51,1
5,0,0,0,51,1
