Iteration,Loss,#OrtschaftenZuNah,#OrtschaftenNichtImGebiet,#Ortschaften,#Gesundheitszentren
1,3.481847397587588,3,0,573,4
2,3.481847397587588,3,0,573,4
3,3.481847397587588,3,0,573,4
4,3.481847397587588,3,0,573,4
5,3.481847397587588,3,0,573,4
6,3.481847397587588,3,0,573,4
7,3.481847397587588,3,0,573,4
8,3.481847397587588,3,0,573,4
9,3.108477201358393,2,0,573,4
10,0,0,0,573,4
