Iteration,Loss,#OrtschaftenZuNah,#OrtschaftenNichtImGebiet,#Ortschaften,#Gesundheitszentren
1,8.41018435780903,3,0,106,1
2,5.196757824874785,2,0,106,1
3,1.1086595229858673,2,0,106,1
4,1.1086595229858673,2,0,106,1
5,1.1086595229858673,2,0,106,1
6,1.1086595229858673,2,0,106,1
7,0.30025644576002364,2,0,106,1
8,0,0,0,106,1
