Iteration,Loss,#OrtschaftenZuNah,#OrtschaftenNichtImGebiet,#Ortschaften,#Gesundheitszentren
1,7.722279333257227,4,0,132,1
2,1.2621751185967973,2,0,132,1
3,1.2245810628543978,2,0,132,1
4,1.0780565151714452,2,0,132,1
5,1.0780565151714452,2,0,132,1
6,0.2720643895797643,2,0,132,1
7,0,0,0,132,1
