Iteration,Loss,#OrtschaftenZuNah,#OrtschaftenNichtImGebiet,#Ortschaften,#Gesundheitszentren
1,5.054764331902484,3,0,831,8
2,5.054764331902484,3,0,831,8
3,5.054764331902484,3,0,831,8
4,2.4863002825924863,3,0,831,8
5,0.416638814345216,2,0,831,8
6,0.3486600254985035,2,0,831,8
7,0.3486600254985035,2,0,831,8
8,0.3486600254985035,2,0,831,8
9,0,0,0,831,8
