Iteration,Loss,#OrtschaftenZuNah,#OrtschaftenNichtImGebiet,#Ortschaften,#Gesundheitszentren
1,9.259715013915294,6,0,658,5
2,9.259715013915294,6,0,658,5
3,9.259715013915294,6,0,658,5
4,9.259715013915294,6,0,658,5
5,9.259715013915294,6,0,658,5
6,9.259715013915294,6,0,658,5
7,9.259715013915294,6,0,658,5
8,9.259715013915294,6,0,658,5
9,9.259715013915294,6,0,658,5
10,9.259715013915294,6,0,658,5
11,9.259715013915294,6,0,658,5
