Iteration,Loss,#OrtschaftenZuNah,#OrtschaftenNichtImGebiet,#Ortschaften,#Gesundheitszentren
1,8.589422087465652,2,0,15,0
2,1.3447804502961809,6,0,15,0
3,1.3447804502961809,6,0,15,0
4,1.3447804502961809,6,0,15,0
5,1.3447804502961809,6,0,15,0
6,1.3447804502961809,6,0,15,0
7,1.3447804502961809,6,0,15,0
8,1.3447804502961809,6,0,15,0
9,1.2315226802081014,3,0,15,0
10,1.2315226802081014,3,0,15,0
11,0,0,0,15,0
