Iteration,Loss,#OrtschaftenZuNah,#OrtschaftenNichtImGebiet,#Ortschaften,#Gesundheitszentren
1,2.8433441423393466,2,0,83,1
2,0.7979539357644612,2,0,83,1
3,0.7979539357644612,2,0,83,1
4,0.7979539357644612,2,0,83,1
5,0.7979539357644612,2,0,83,1
6,0.7979539357644612,2,0,83,1
7,0.7979539357644612,2,0,83,1
8,0.7979539357644612,2,0,83,1
9,0,0,0,83,1
