Iteration,Loss,#OrtschaftenZuNah,#OrtschaftenNichtImGebiet,#Ortschaften,#Gesundheitszentren
1,3.5990854547606013,6,0,111,1
2,3.5990854547606013,6,0,111,1
3,3.5990854547606013,6,0,111,1
4,3.5990854547606013,6,0,111,1
5,3.5990854547606013,6,0,111,1
6,3.5990854547606013,6,0,111,1
7,1.3590277748297055,2,0,111,1
8,1.3590277748297055,2,0,111,1
9,1.3590277748297055,2,0,111,1
10,0,0,0,111,1
