Iteration,Loss,#OrtschaftenZuNah,#OrtschaftenNichtImGebiet,#Ortschaften,#Gesundheitszentren
1,9.743312440525347,4,0,153,0
2,9.180745805827954,6,0,153,0
3,9.180745805827954,6,0,153,0
4,3.7201204671885826,2,0,153,0
5,0,0,0,153,0
