Iteration,Loss,#OrtschaftenZuNah,#OrtschaftenNichtImGebiet,#Ortschaften,#Gesundheitszentren
1,0.7295224388793251,2,0,540,4
2,0.7295224388793251,2,0,540,4
3,0.7295224388793251,2,0,540,4
4,0.7295224388793251,2,0,540,4
5,0,0,0,540,4
