Iteration,Loss,#OrtschaftenZuNah,#OrtschaftenNichtImGebiet,#Ortschaften,#Gesundheitszentren
1,4.211961172858746,2,0,138,2
2,2.0640549541274194,2,0,138,2
3,1.533586695426088,2,0,138,2
4,0.44189095567747394,2,0,138,2
5,0.44189095567747394,2,0,138,2
6,0.44189095567747394,2,0,138,2
7,0.44189095567747394,2,0,138,2
8,0.44189095567747394,2,0,138,2
9,0.44189095567747394,2,0,138,2
10,0.44189095567747394,2,0,138,2
11,0.44189095567747394,2,0,138,2
12,0.44189095567747394,2,0,138,2
13,0,0,0,138,2
