Iteration,Loss,#OrtschaftenZuNah,#OrtschaftenNichtImGebiet,#Ortschaften,#Gesundheitszentren
1,4.10510281669044,5,0,791,7
2,4.10510281669044,5,0,791,7
3,4.10510281669044,5,0,791,7
4,4.10510281669044,5,0,791,7
5,4.10510281669044,5,0,791,7
6,4.10510281669044,5,0,791,7
7,4.10510281669044,5,0,791,7
8,4.10510281669044,5,0,791,7
9,4.10510281669044,5,0,791,7
10,4.10510281669044,5,0,791,7
11,4.10510281669044,5,0,791,7
