Iteration,Loss,#OrtschaftenZuNah,#OrtschaftenNichtImGebiet,#Ortschaften,#Gesundheitszentren
1,2.4762120324516417,3,0,663,5
2,1.8788922027932937,2,0,663,5
3,1.8788922027932937,2,0,663,5
4,0,0,0,663,5
