Iteration,Loss,#OrtschaftenZuNah,#OrtschaftenNichtImGebiet,#Ortschaften,#Gesundheitszentren
1,5.955341156012645,3,0,152,3
2,3.7720981408876986,2,0,152,3
3,3.384460185873599,2,0,152,3
4,2.4177296761199205,2,0,152,3
5,1.26951464423062,2,0,152,3
6,1.26951464423062,2,0,152,3
7,0.599646079869693,2,0,152,3
8,0.599646079869693,2,0,152,3
9,0.3377298668584281,2,0,152,3
10,0.3377298668584281,2,0,152,3
11,0,0,0,152,3
