Iteration,Loss,#OrtschaftenZuNah,#OrtschaftenNichtImGebiet,#Ortschaften,#Gesundheitszentren
1,2.5522271314210165,3,0,548,4
2,2.5522271314210165,3,0,548,4
3,2.5522271314210165,3,0,548,4
4,2.5522271314210165,3,0,548,4
5,2.5522271314210165,3,0,548,4
6,2.5522271314210165,3,0,548,4
7,2.4098594512023688,3,0,548,4
8,2.4098594512023688,3,0,548,4
9,2.4098594512023688,3,0,548,4
10,2.4098594512023688,3,0,548,4
11,2.4098594512023688,3,0,548,4
12,0,0,0,548,4
