Iteration,Loss,#OrtschaftenZuNah,#OrtschaftenNichtImGebiet,#Ortschaften,#Gesundheitszentren
1,4.436472729147718,3,0,140,2
2,4.436472729147718,3,0,140,2
3,2.0588653686864866,4,0,140,2
4,1.847044589410702,2,0,140,2
5,1.6114044294551029,2,0,140,2
6,1.6114044294551029,2,0,140,2
7,1.6114044294551029,2,0,140,2
8,0,0,0,140,2
