Iteration,Loss,#OrtschaftenZuNah,#OrtschaftenNichtImGebiet,#Ortschaften,#Gesundheitszentren
1,9.8297713322483,4,0,40,0
2,9.8297713322483,4,0,40,0
3,5.551039818986137,3,0,40,0
4,5.551039818986137,3,0,40,0
5,5.551039818986137,3,0,40,0
6,5.551039818986137,3,0,40,0
7,5.551039818986137,3,0,40,0
8,5.052034318991566,2,0,40,0
9,3.987774672046509,2,0,40,0
10,1.2038727668239204,2,0,40,0
11,1.2038727668239204,2,0,40,0
12,1.2038727668239204,2,0,40,0
13,0,0,0,40,0
