Iteration,Loss,#OrtschaftenZuNah,#OrtschaftenNichtImGebiet,#Ortschaften,#Gesundheitszentren
1,12.650010525064827,5,0,35,0
2,12.650010525064827,5,0,35,0
3,12.650010525064827,5,0,35,0
4,5.738802862438337,5,0,35,0
5,5.738802862438337,5,0,35,0
6,5.738802862438337,5,0,35,0
7,5.738802862438337,5,0,35,0
8,5.738802862438337,5,0,35,0
9,3.1988176538049515,4,0,35,0
10,3.1988176538049515,4,0,35,0
11,3.1988176538049515,4,0,35,0
12,1.194967228885929,2,0,35,0
13,1.194967228885929,2,0,35,0
14,0,0,0,35,0
