Iteration,Loss,#OrtschaftenZuNah,#OrtschaftenNichtImGebiet,#Ortschaften,#Gesundheitszentren
1,1.0129978982265015,2,0,25,0
2,1.0129978982265015,2,0,25,0
3,1.0129978982265015,2,0,25,0
4,1.0129978982265015,2,0,25,0
5,1.0129978982265015,2,0,25,0
6,0.6596095624552838,2,0,25,0
7,0.6596095624552838,2,0,25,0
8,0.6596095624552838,2,0,25,0
9,0.6596095624552838,2,0,25,0
10,0.6596095624552838,2,0,25,0
11,0.46702466824299194,2,0,25,0
12,0,0,0,25,0
