Iteration,Loss,#OrtschaftenZuNah,#OrtschaftenNichtImGebiet,#Ortschaften,#Gesundheitszentren
1,11.689373978517608,5,0,69,0
2,7.340153429892949,7,0,69,0
3,3.6847245674220375,5,0,69,0
4,2.079555412548739,3,0,69,0
5,0,0,0,69,0
