Iteration,Loss,#OrtschaftenZuNah,#OrtschaftenNichtImGebiet,#Ortschaften,#Gesundheitszentren
1,7.865686110249346,2,0,30,0
2,5.973591007793459,3,0,30,0
3,1.997916547183145,4,0,30,0
4,1.997916547183145,4,0,30,0
5,0.6553644036588828,2,0,30,0
6,0,0,0,30,0
