Iteration,Loss,#OrtschaftenZuNah,#OrtschaftenNichtImGebiet,#Ortschaften,#Gesundheitszentren
1,2.893574820446476,5,0,666,5
2,2.8283358881734104,4,0,666,5
3,2.6297296644555637,2,0,666,5
4,0,0,0,666,5
