Iteration,Loss,#OrtschaftenZuNah,#OrtschaftenNichtImGebiet,#Ortschaften,#Gesundheitszentren
1,2.94095476118094,4,0,41,0
2,2.94095476118094,4,0,41,0
3,2.94095476118094,4,0,41,0
4,2.94095476118094,4,0,41,0
5,2.94095476118094,4,0,41,0
6,0,0,0,41,0
