Iteration,Loss,#OrtschaftenZuNah,#OrtschaftenNichtImGebiet,#Ortschaften,#Gesundheitszentren
1,0.37240409160558485,3,0,42,0
2,0.37240409160558485,3,0,42,0
3,0.37240409160558485,3,0,42,0
4,0.37240409160558485,3,0,42,0
5,0,0,0,42,0
