Iteration,Loss,#OrtschaftenZuNah,#OrtschaftenNichtImGebiet,#Ortschaften,#Gesundheitszentren
1,2.0015755746625388,3,0,601,4
2,2.0015755746625388,3,0,601,4
3,2.0015755746625388,3,0,601,4
4,2.0015755746625388,3,0,601,4
5,2.0015755746625388,3,0,601,4
6,2.0015755746625388,3,0,601,4
7,0.8906196004041345,3,0,601,4
8,0.8906196004041345,3,0,601,4
9,0.8906196004041345,3,0,601,4
10,0,0,0,601,4
