Iteration,Loss,#OrtschaftenZuNah,#OrtschaftenNichtImGebiet,#Ortschaften,#Gesundheitszentren
1,2.2056666155609523,2,0,113,1
2,2.2056666155609523,2,0,113,1
3,2.1879751881529286,2,0,113,1
4,2.1879751881529286,2,0,113,1
5,1.5892652705164743,2,0,113,1
6,0.3645641172619527,4,0,113,1
7,0.3645641172619527,4,0,113,1
8,0.3645641172619527,4,0,113,1
9,0,0,0,113,1
