Iteration,Loss,#OrtschaftenZuNah,#OrtschaftenNichtImGebiet,#Ortschaften,#Gesundheitszentren
1,3.6270364721447237,2,0,849,9
2,3.6270364721447237,2,0,849,9
3,1.2212116083007576,2,0,849,9
4,0,0,0,849,9
