Iteration,Loss,#OrtschaftenZuNah,#OrtschaftenNichtImGebiet,#Ortschaften,#Gesundheitszentren
1,1.8350723498755261,3,0,76,1
2,1.8350723498755261,3,0,76,1
3,1.8350723498755261,3,0,76,1
4,1.8350723498755261,3,0,76,1
5,0.061460084405570825,2,0,76,1
6,0.061460084405570825,2,0,76,1
7,0.061460084405570825,2,0,76,1
8,0,0,0,76,1
